line,cycle,type,cat,dataset,prog,yld_kg,DON,height
MS10S3001-002,C1,ran,C1_ran,breed_TP,NA,5096.217473,13.66005173,87.22639771
MS10S3001-007,C1,ran,C1_ran,breed_TP,NA,5756.544012,12.38361925,89.09801853
MS10S3002-014,C1,ran,C1_ran,breed_TP,NA,5113.803635,13.96250875,86.32175036
MS10S3002-015,C1,ran,C1_ran,breed_TP,NA,5074.227161,10.35955626,83.92976225
MS10S3002-021,C1,ran,C1_ran,breed_TP,NA,5330.827601,13.41106617,87.66962934
MS10S3002-024,C1,ran,C1_ran,breed_TP,NA,4709.154277,10.82622862,85.301987
MS10S3003-002,C1,ran,C1_ran,breed_TP,NA,5344.884742,14.96440255,88.00793135
MS10S3004-006,C1,ran,C1_ran,breed_TP,NA,5457.251366,13.50803278,82.01480106
MS10S3004-018,C1,ran,C1_ran,breed_TP,NA,4795.395031,8.680836336,84.94900544
MS10S3005-014,C1,ran,C1_ran,breed_TP,NA,5759.432166,13.07499495,83.2919411
MS10S3005-015,C1,ran,C1_ran,breed_TP,NA,5386.893819,13.50032387,88.88232316
MS10S3008-004,C1,ran,C1_ran,breed_TP,NA,4718.517827,12.05708907,79.12620981
MS10S3008-005,C1,ran,C1_ran,breed_TP,NA,5114.420318,11.86381756,83.7845478
MS10S3008-007,C1,ran,C1_ran,breed_TP,NA,5029.234962,16.15787063,82.69675072
MS10S3008-009,C1,ran,C1_ran,breed_TP,NA,5283.319153,12.20186629,85.99737664
MS10S3008-010,C1,ran,C1_ran,breed_TP,NA,5425.00893,14.70084598,85.88902043
MS10S3008-011,C1,ran,C1_ran,breed_TP,NA,4737.929166,12.0699772,89.03822671
MS10S3008-012,C1,ran,C1_ran,breed_TP,NA,5576.726204,15.56066701,86.76260656
MS10S3008-014,C1,ran,C1_ran,breed_TP,NA,5302.872702,11.55389643,84.17470322
MS10S3009-022,C1,ran,C1_ran,breed_TP,NA,5958.075825,13.71137174,84.68818048
MS10S3012-020,C1,ran,C1_ran,breed_TP,NA,5477.581738,12.33489205,81.90976777
MS10S3013-020,C1,ran,C1_ran,breed_TP,NA,5030.346952,10.84238505,80.62144695
MS10S3014-019,C1,ran,C1_ran,breed_TP,NA,5216.678394,9.130577028,82.58119574
MS10S3015-007,C1,ran,C1_ran,breed_TP,NA,4684.914562,8.565528123,83.73385639
MS10S3016-003,C1,ran,C1_ran,breed_TP,NA,5069.586821,10.77588693,80.07611037
MS10S3016-004,C1,ran,C1_ran,breed_TP,NA,5645.274857,14.34557718,88.4412076
MS10S3016-006,C1,ran,C1_ran,breed_TP,NA,5677.894172,13.49856258,83.03968736
MS10S3016-011,C1,ran,C1_ran,breed_TP,NA,4810.785093,14.08793538,90.84893658
MS10S3017-001,C1,ran,C1_ran,breed_TP,NA,4966.331789,12.18296661,84.86256701
MS10S3017-012,C1,ran,C1_ran,breed_TP,NA,4861.563721,11.25348474,89.7016629
MS10S3017-015,C1,ran,C1_ran,breed_TP,NA,5713.824102,9.590126809,79.14656352
MS10S3018-007,C1,ran,C1_ran,breed_TP,NA,4975.849533,13.04254077,90.59948949
MS10S3018-016,C1,ran,C1_ran,breed_TP,NA,5534.826257,9.222326047,90.82543537
MS10S3018-020,C1,ran,C1_ran,breed_TP,NA,5303.401427,10.97022789,79.86740539
MS10S3019-004,C1,ran,C1_ran,breed_TP,NA,4843.363768,14.43986102,92.93900742
MS10S3019-005,C1,ran,C1_ran,breed_TP,NA,4842.523716,16.26237607,74.06066922
MS10S3019-013,C1,ran,C1_ran,breed_TP,NA,5063.16598,8.212456749,94.79435762
MS10S3019-017,C1,ran,C1_ran,breed_TP,NA,5056.49036,10.02181904,89.40645962
MS10S3021-003,C1,ran,C1_ran,breed_TP,NA,4987.892258,8.784454107,89.21405951
MS10S3021-013,C1,ran,C1_ran,breed_TP,NA,5324.257563,14.5713536,81.61709384
MS10S3021-019,C1,ran,C1_ran,breed_TP,NA,4826.101455,10.74013797,82.36320941
MS10S3022-019,C1,ran,C1_ran,breed_TP,NA,5295.919739,14.2566934,89.04141624
MS10S3022-020,C1,ran,C1_ran,breed_TP,NA,4497.189935,10.98320459,92.66394454
MS10S3024-001,C1,ran,C1_ran,breed_TP,NA,4082.679104,17.72348696,85.87655026
MS10S3024-004,C1,ran,C1_ran,breed_TP,NA,5636.203166,17.86913623,83.453672
MS10S3024-007,C1,ran,C1_ran,breed_TP,NA,5393.627764,14.63354772,84.31625341
MS10S3025-003,C1,ran,C1_ran,breed_TP,NA,5304.498756,12.63414298,90.76047874
MS10S3025-017,C1,ran,C1_ran,breed_TP,NA,5965.648676,10.9558085,93.00722992
MS10S3039-002,C1,ran,C1_ran,breed_TP,NA,4906.269486,10.23163021,83.30882302
MS10S3039-014,C1,ran,C1_ran,breed_TP,NA,5398.034778,13.32559775,84.65809559
MS10S3039-017,C1,ran,C1_ran,breed_TP,NA,5649.647469,12.71985524,79.52701005
MS10S3040-008,C1,ran,C1_ran,breed_TP,NA,5048.172857,13.92935712,80.66552723
MS10S3040-010,C1,ran,C1_ran,breed_TP,NA,5350.410089,14.93467195,88.80444157
MS10S3040-020,C1,ran,C1_ran,breed_TP,NA,4948.305405,15.75955051,79.56461319
MS10S3041-002,C1,ran,C1_ran,breed_TP,NA,5019.132309,8.643984691,85.43604019
MS10S3041-005,C1,ran,C1_ran,breed_TP,NA,5317.254493,12.16626962,88.31103458
MS10S3041-007,C1,ran,C1_ran,breed_TP,NA,5133.337505,16.58827588,79.59743811
MS10S3041-010,C1,ran,C1_ran,breed_TP,NA,5161.522145,9.930760742,84.07827252
MS10S3042-010,C1,ran,C1_ran,breed_TP,NA,6110.506571,9.354325578,80.99402062
MS10S3042-014,C1,ran,C1_ran,breed_TP,NA,5861.412822,9.523547053,74.28485407
MS10S3043-001,C1,ran,C1_ran,breed_TP,NA,5915.819464,15.33285395,86.115883
MS10S3043-008,C1,ran,C1_ran,breed_TP,NA,5624.532922,16.96676127,91.3872355
MS10S3043-013,C1,ran,C1_ran,breed_TP,NA,4890.170682,14.37962594,87.33743839
MS10S3043-015,C1,ran,C1_ran,breed_TP,NA,5397.337811,15.73056727,86.5986691
MS10S3044-005,C1,ran,C1_ran,breed_TP,NA,6294.358936,15.52811688,86.28266066
MS10S3044-013,C1,ran,C1_ran,breed_TP,NA,5781.642545,21.71772011,95.95289102
MS10S3044-018,C1,ran,C1_ran,breed_TP,NA,5816.666236,16.08208273,82.47901264
MS10S3045-010,C1,ran,C1_ran,breed_TP,NA,4551.395989,11.78102395,85.31960403
MS10S3045-017,C1,ran,C1_ran,breed_TP,NA,5882.34076,9.990629976,90.13431392
MS10S3046-016,C1,ran,C1_ran,breed_TP,NA,5544.159256,13.70967005,90.83018986
MS10S3046-019,C1,ran,C1_ran,breed_TP,NA,4875.477154,9.017722831,80.74047809
MS10S3001-003,C1,sel,C1_sel,breed_TP,NA,4650.474276,8.45,83.21270934
MS10S3001-013,C1,sel,C1_sel,breed_TP,NA,4873.77141,9.4,79.82400395
MS10S3001-016,C1,sel,C1_sel,breed_TP,NA,5155.183923,13.7,80.5416528
MS10S3001-017,C1,sel,C1_sel,breed_TP,NA,4997.384183,12.4,79.50958136
MS10S3002-012,C1,sel,C1_sel,breed_TP,NA,4648.680823,6.45,81.09494924
MS10S3004-001,C1,sel,C1_sel,breed_TP,NA,4623.035076,9.25,79.7377284
MS10S3004-002,C1,sel,C1_sel,breed_TP,NA,4848.827844,8.15,81.41356605
MS10S3004-013,C1,sel,C1_sel,breed_TP,NA,4593.739359,12.3,79.83871011
MS10S3004-016,C1,sel,C1_sel,breed_TP,NA,4891.941113,7.9,79.2579249
MS10S3005-005,C1,sel,C1_sel,breed_TP,NA,4861.361413,6.85,82.10860001
MS10S3005-006,C1,sel,C1_sel,breed_TP,NA,5157.248338,7.55,79.97532965
MS10S3007-005,C1,sel,C1_sel,breed_TP,NA,4876.563334,11.7,79.97373555
MS10S3007-014,C1,sel,C1_sel,breed_TP,NA,4735.181107,11.5,78.52249373
MS10S3007-024,C1,sel,C1_sel,breed_TP,NA,4250.273171,10.4,79.31264309
MS10S3008-001,C1,sel,C1_sel,breed_TP,NA,4674.356854,10.19,75.96163784
MS10S3008-002,C1,sel,C1_sel,breed_TP,NA,4818.206085,8.75,86.18985689
MS10S3008-003,C1,sel,C1_sel,breed_TP,NA,4508.513441,11.3,83.99577234
MS10S3013-001,C1,sel,C1_sel,breed_TP,NA,4907.342453,8.55,77.4443494
MS10S3013-004,C1,sel,C1_sel,breed_TP,NA,4821.706402,9.95,76.24629277
MS10S3013-006,C1,sel,C1_sel,breed_TP,NA,5395.041608,9.4,79.48003258
MS10S3013-007,C1,sel,C1_sel,breed_TP,NA,4574.899332,7.6,84.85355093
MS10S3013-009,C1,sel,C1_sel,breed_TP,NA,5318.322936,6.65,82.52577625
MS10S3013-019,C1,sel,C1_sel,breed_TP,NA,4997.138294,8.25,79.43025816
MS10S3013-021,C1,sel,C1_sel,breed_TP,NA,4741.278737,7.53,85.82018718
MS10S3013-023,C1,sel,C1_sel,breed_TP,NA,4782.734523,15.7,83.03205423
MS10S3014-007,C1,sel,C1_sel,breed_TP,NA,5244.573991,10.345,82.6831391
MS10S3014-014,C1,sel,C1_sel,breed_TP,NA,5201.796494,11.2,82.94549301
MS10S3015-002,C1,sel,C1_sel,breed_TP,NA,4243.633612,12.6,78.7276329
MS10S3015-004,C1,sel,C1_sel,breed_TP,NA,3961.710118,11.25,78.27424598
MS10S3018-010,C1,sel,C1_sel,breed_TP,NA,4753.810781,12.15,81.05371693
MS10S3018-015,C1,sel,C1_sel,breed_TP,NA,4142.007646,8.525,89.42831794
MS10S3019-014,C1,sel,C1_sel,breed_TP,NA,4840.026298,7.75,82.62482013
MS10S3019-023,C1,sel,C1_sel,breed_TP,NA,4222.807334,12.45,91.14256266
MS10S3021-009,C1,sel,C1_sel,breed_TP,NA,4628.627798,10.8,76.34886134
MS10S3031-012,C1,sel,C1_sel,breed_TP,NA,5295.916229,12.65,79.36355065
MS10S3031-015,C1,sel,C1_sel,breed_TP,NA,5273.410182,13.65,76.71139107
MS10S3031-016,C1,sel,C1_sel,breed_TP,NA,4571.4254,12.95,80.86240696
MS10S3032-004,C1,sel,C1_sel,breed_TP,NA,4570.630776,8.8,80.57135617
MS10S3032-006,C1,sel,C1_sel,breed_TP,NA,5648.131453,7.715,78.9267396
MS10S3032-007,C1,sel,C1_sel,breed_TP,NA,4845.299337,9.25,80.60614736
MS10S3032-008,C1,sel,C1_sel,breed_TP,NA,4929.337161,10.2,81.73726237
MS10S3032-010,C1,sel,C1_sel,breed_TP,NA,4437.61913,10.55,78.31069795
MS10S3032-012,C1,sel,C1_sel,breed_TP,NA,4508.633669,11.75,84.3603358
MS10S3032-014,C1,sel,C1_sel,breed_TP,NA,4678.366926,8.485,78.28907015
MS10S3032-015,C1,sel,C1_sel,breed_TP,NA,4502.379926,7.665,82.67505769
MS10S3032-016,C1,sel,C1_sel,breed_TP,NA,4506.042756,8.55,83.22714613
MS10S3032-018,C1,sel,C1_sel,breed_TP,NA,4604.165846,9.15,78.77886548
MS10S3032-022,C1,sel,C1_sel,breed_TP,NA,4530.855081,6.185,78.35097768
MS10S3034-002,C1,sel,C1_sel,breed_TP,NA,4663.418142,10.545,81.74876521
MS10S3034-004,C1,sel,C1_sel,breed_TP,NA,4659.501172,10,81.08081764
MS10S3034-014,C1,sel,C1_sel,breed_TP,NA,4682.132137,7.8,83.73426931
MS10S3034-015,C1,sel,C1_sel,breed_TP,NA,4991.915943,9.35,78.62036306
MS10S3034-019,C1,sel,C1_sel,breed_TP,NA,5077.089331,10.755,75.00949874
MS10S3034-024,C1,sel,C1_sel,breed_TP,NA,5060.335665,12.75,77.75421219
MS10S3036-009,C1,sel,C1_sel,breed_TP,NA,5273.43413,28.25,80.49547897
MS10S3036-024,C1,sel,C1_sel,breed_TP,NA,5168.471305,14.75,75.48314937
MS10S3042-003,C1,sel,C1_sel,breed_TP,NA,5099.669927,10.55,82.04820953
MS10S3044-008,C1,sel,C1_sel,breed_TP,NA,4672.747002,15.55,80.06529356
MS10S3046-004,C1,sel,C1_sel,breed_TP,NA,3869.959257,12.5,79.31143162
MS10S3048-002,C1,sel,C1_sel,breed_TP,NA,4916.283835,16.2,79.29094546
MS10S3050-024,C1,sel,C1_sel,breed_TP,NA,4850.867505,16.6,78.64895211
MS10S3051-012,C1,sel,C1_sel,breed_TP,NA,5469.237265,14.3,87.67570729
MS10S3051-023,C1,sel,C1_sel,breed_TP,NA,4930.862159,11.15,71.48573132
MS10S3051-024,C1,sel,C1_sel,breed_TP,NA,5171.585255,17.65,72.13320266
MS10S3052-009,C1,sel,C1_sel,breed_TP,NA,5409.28528,11.81,76.74140248
MS10S3052-014,C1,sel,C1_sel,breed_TP,NA,5360.254423,11.7,79.77196729
MS10S3052-020,C1,sel,C1_sel,breed_TP,NA,5198.026093,7.9,80.07965557
MS10S3052-022,C1,sel,C1_sel,breed_TP,NA,5107.082126,19.65,81.30767485
MS10S3053-010,C1,sel,C1_sel,breed_TP,NA,5282.518002,20.65,85.45781042
MS10S3055-001,C1,sel,C1_sel,breed_TP,NA,5009.095602,13.2,74.32052169
MS10S3055-010,C1,sel,C1_sel,breed_TP,NA,4507.033837,10.55,78.2943071
MS10S3063-002,C1,sel,C1_sel,breed_TP,NA,5367.896263,10.925,83.38454235
MS11S2007-008,C2,sel,C2_sel,breed_TP,NA,5057.986082,1.051210152,74.87012852
MS11S2029-015,C2,sel,C2_sel,breed_TP,NA,5052.70362,7.177945829,72.71288067
MS11S2064-004,C2,sel,C2_sel,breed_TP,NA,5143.667915,13.40577095,63.87240448
MS11S2004-001,C2,ran,C2_ran,breed_TP,NA,5230.879198,7.597700608,63.17850439
MS11S2004-003,C2,ran,C2_ran,breed_TP,NA,5297.972444,7.933821818,65.42966404
MS11S2004-006,C2,ran,C2_ran,breed_TP,NA,5577.017187,9.976204874,65.99920368
MS11S2005-006,C2,ran,C2_ran,breed_TP,NA,4642.319291,11.57033333,67.42899287
MS11S2005-015,C2,ran,C2_ran,breed_TP,NA,5427.490118,7.709912699,65.01879733
MS11S2005-020,C2,ran,C2_ran,breed_TP,NA,5620.930163,26.51054716,66.99051355
MS11S2006-004,C2,ran,C2_ran,breed_TP,NA,5349.118694,6.296030512,65.13009517
MS11S2007-002,C2,ran,C2_ran,breed_TP,NA,5567.649182,5.006113265,76.26477923
MS11S2007-018,C2,ran,C2_ran,breed_TP,NA,5637.800399,6.720745202,75.19884043
MS11S2011-008,C2,ran,C2_ran,breed_TP,NA,5798.343385,5.903086365,67.20100294
MS11S2013-007,C2,ran,C2_ran,breed_TP,NA,5070.196856,6.83295904,64.55860971
MS11S2013-021,C2,ran,C2_ran,breed_TP,NA,5758.760014,8.470478309,68.67763216
MS11S2015-019,C2,ran,C2_ran,breed_TP,NA,5219.397036,5.863321551,69.90717328
MS11S2016-008,C2,ran,C2_ran,breed_TP,NA,5235.80361,11.70543053,64.41575283
MS11S2016-011,C2,ran,C2_ran,breed_TP,NA,4693.165297,8.462296307,71.37101271
MS11S2016-020,C2,ran,C2_ran,breed_TP,NA,5006.339643,11.89533446,66.58807014
MS11S2020-008,C2,ran,C2_ran,breed_TP,NA,4338.276246,9.858792425,71.49498824
MS11S2020-017,C2,ran,C2_ran,breed_TP,NA,5478.248005,10.028239,69.9581117
MS11S2021-015,C2,ran,C2_ran,breed_TP,NA,5107.160402,8.605872246,76.01502943
MS11S2021-017,C2,ran,C2_ran,breed_TP,NA,5105.143161,13.62982531,69.45272075
MS11S2021-020,C2,ran,C2_ran,breed_TP,NA,4802.9316,16.74913259,74.00836436
MS11S2022-005,C2,ran,C2_ran,breed_TP,NA,4404.890075,7.930144009,70.59357932
MS11S2022-012,C2,ran,C2_ran,breed_TP,NA,4952.825174,9.047766954,70.06542679
MS11S2022-013,C2,ran,C2_ran,breed_TP,NA,4590.492466,8.848487708,68.16420336
MS11S2022-014,C2,ran,C2_ran,breed_TP,NA,4134.039143,12.82768766,69.97351311
MS11S2025-009,C2,ran,C2_ran,breed_TP,NA,5510.408676,9.603878913,72.7689197
MS11S2025-018,C2,ran,C2_ran,breed_TP,NA,5654.702183,10.21868659,63.42550295
MS11S2026-007,C2,ran,C2_ran,breed_TP,NA,5058.979591,9.666541192,73.14592284
MS11S2027-001,C2,ran,C2_ran,breed_TP,NA,4612.217286,11.34243029,68.8081648
MS11S2027-008,C2,ran,C2_ran,breed_TP,NA,4864.242702,12.30713265,67.99362143
MS11S2027-013,C2,ran,C2_ran,breed_TP,NA,5117.670049,22.92194733,67.20146974
MS11S2028-003,C2,ran,C2_ran,breed_TP,NA,5095.697636,3.488770608,66.86364894
MS11S2029-008,C2,ran,C2_ran,breed_TP,NA,5022.134173,5.422447041,72.2013399
MS11S2029-010,C2,ran,C2_ran,breed_TP,NA,5186.190276,9.569104403,67.31820052
MS11S2029-021,C2,ran,C2_ran,breed_TP,NA,4989.340736,13.48298374,68.13802786
MS11S2029-023,C2,ran,C2_ran,breed_TP,NA,4992.901114,6.039318239,72.32795206
MS11S2030-002,C2,ran,C2_ran,breed_TP,NA,5032.454118,8.485747286,72.98937626
MS11S2030-005,C2,ran,C2_ran,breed_TP,NA,4215.306072,6.735987995,69.57100659
MS11S2033-020,C2,ran,C2_ran,breed_TP,NA,5084.160678,8.901172761,66.11675413
MS11S2034-002,C2,ran,C2_ran,breed_TP,NA,4976.473746,30.31357896,66.17406105
MS11S2034-010,C2,ran,C2_ran,breed_TP,NA,4786.304973,14.00478611,63.92357832
MS11S2036-009,C2,ran,C2_ran,breed_TP,NA,5319.560939,15.65875245,65.74369113
MS11S2036-015,C2,ran,C2_ran,breed_TP,NA,5444.458958,8.057349219,67.46733768
MS11S2036-017,C2,ran,C2_ran,breed_TP,NA,5494.901974,6.042268137,67.40854586
MS11S2036-023,C2,ran,C2_ran,breed_TP,NA,5208.360523,13.29765881,62.68707615
MS11S2037-011,C2,ran,C2_ran,breed_TP,NA,4705.428583,11.97799964,69.57130064
MS11S2037-022,C2,ran,C2_ran,breed_TP,NA,5099.13045,10.75906684,67.66588637
MS11S2038-011,C2,ran,C2_ran,breed_TP,NA,5326.158784,10.87631221,70.56117543
MS11S2038-016,C2,ran,C2_ran,breed_TP,NA,5401.922922,9.806969976,67.11984297
MS11S2041-015,C2,ran,C2_ran,breed_TP,NA,4469.293316,6.200974532,67.02167537
MS11S2041-017,C2,ran,C2_ran,breed_TP,NA,5261.936149,9.982398333,66.27428667
MS11S2041-020,C2,ran,C2_ran,breed_TP,NA,4736.631447,8.754958557,66.65770212
MS11S2042-003,C2,ran,C2_ran,breed_TP,NA,5130.106062,18.8635482,64.11212521
MS11S2042-013,C2,ran,C2_ran,breed_TP,NA,4855.869792,18.16220799,64.17898446
MS11S2042-017,C2,ran,C2_ran,breed_TP,NA,4895.326075,9.31047786,69.45047585
MS11S2042-019,C2,ran,C2_ran,breed_TP,NA,5067.095798,16.36215666,66.16621595
MS11S2042-021,C2,ran,C2_ran,breed_TP,NA,4804.096158,13.99144364,65.79899723
MS11S2048-001,C2,ran,C2_ran,breed_TP,NA,4996.124952,7.581571259,68.85897153
MS11S2048-005,C2,ran,C2_ran,breed_TP,NA,4923.71901,7.606785277,68.98830556
MS11S2048-014,C2,ran,C2_ran,breed_TP,NA,4586.543624,5.984661302,67.48471683
MS11S2053-001,C2,ran,C2_ran,breed_TP,NA,5629.364209,7.159121098,65.89047137
MS11S2053-017,C2,ran,C2_ran,breed_TP,NA,5455.343364,6.0966336,69.51449368
MS11S2056-011,C2,ran,C2_ran,breed_TP,NA,5544.284309,6.675107898,66.18886365
MS11S2056-022,C2,ran,C2_ran,breed_TP,NA,5269.415914,7.713884043,64.97440666
MS11S2057-011,C2,ran,C2_ran,breed_TP,NA,5325.941597,16.82920274,72.23589284
MS11S2057-012,C2,ran,C2_ran,breed_TP,NA,5015.005134,7.625016151,66.20625001
MS11S2058-003,C2,ran,C2_ran,breed_TP,NA,5606.539738,9.616417746,66.06789784
MS11S2059-001,C2,ran,C2_ran,breed_TP,NA,5298.536644,7.15620274,69.62200631
MS11S2059-018,C2,ran,C2_ran,breed_TP,NA,5785.207976,14.15980953,64.04298962
MS11S2059-022,C2,ran,C2_ran,breed_TP,NA,5280.767303,9.98601283,63.05697001
MS11S2063-024,C2,ran,C2_ran,breed_TP,NA,5515.46484,24.30007746,63.13873727
MS11S2064-007,C2,ran,C2_ran,breed_TP,NA,5192.932722,13.11077581,71.55881255
MS11S2064-020,C2,ran,C2_ran,breed_TP,NA,5454.052953,19.04689452,66.2447826
MS11S2064-021,C2,ran,C2_ran,breed_TP,NA,5187.473951,10.29960511,68.01665512
MS11S2065-002,C2,ran,C2_ran,breed_TP,NA,5320.290386,7.794948649,75.67795998
MS11S2067-014,C2,ran,C2_ran,breed_TP,NA,4628.905879,9.879617229,67.14282572
MS11S2068-008,C2,ran,C2_ran,breed_TP,NA,5044.531174,6.406110039,76.59863166
MS11S2068-009,C2,ran,C2_ran,breed_TP,NA,5154.933494,8.0425898,73.01547097
MS11S2069-021,C2,ran,C2_ran,breed_TP,NA,4654.799684,16.49061259,69.31770012
MS11S2070-002,C2,ran,C2_ran,breed_TP,NA,4985.24017,17.26338289,63.11624808
MS11S2072-015,C2,ran,C2_ran,breed_TP,NA,4920.514915,27.37035121,64.65566031
MS11S2072-017,C2,ran,C2_ran,breed_TP,NA,5174.885185,19.9024012,65.70329415
MS11S2073-007,C2,ran,C2_ran,breed_TP,NA,4629.307138,13.24502361,61.83337277
MS11S2073-009,C2,ran,C2_ran,breed_TP,NA,5010.796381,12.00264742,65.09712204
MS11S2073-019,C2,ran,C2_ran,breed_TP,NA,5029.388965,20.17963289,69.1264727
MS11S2075-016,C2,ran,C2_ran,breed_TP,NA,5341.358282,11.08228476,60.37201689
MS11S2077-017,C2,ran,C2_ran,breed_TP,NA,5405.842747,14.77114414,68.03753529
MS11S2077-023,C2,ran,C2_ran,breed_TP,NA,5688.898309,8.452517901,67.93309286
MS11S2078-006,C2,ran,C2_ran,breed_TP,NA,5693.187172,9.241654762,66.91035374
MS11S2078-015,C2,ran,C2_ran,breed_TP,NA,4553.432487,4.51233685,71.68929846
MS11S2078-024,C2,ran,C2_ran,breed_TP,NA,4955.466259,13.31267549,67.93191813
MS11S2079-016,C2,ran,C2_ran,breed_TP,NA,5174.121982,6.166715286,62.68538368
MS11S2079-024,C2,ran,C2_ran,breed_TP,NA,5617.200856,12.08080198,66.63482552
MS11S2082-007,C2,ran,C2_ran,breed_TP,NA,5252.498871,15.26475106,65.63505594
MS11S2090-017,C2,ran,C2_ran,breed_TP,NA,4284.443731,8.077686775,76.77977838
MS11S2091-010,C2,ran,C2_ran,breed_TP,NA,5636.689345,7.36964987,65.72066289
MS11S2091-011,C2,ran,C2_ran,breed_TP,NA,5144.4235,11.03101297,64.75711927
MS11S2091-019,C2,ran,C2_ran,breed_TP,NA,5650.555076,9.279923391,69.25939359
MS11S2092-011,C2,ran,C2_ran,breed_TP,NA,5718.712699,15.48933983,67.39086046
MS11S2092-012,C2,ran,C2_ran,breed_TP,NA,4549.462586,13.69325083,67.23356649
MS11S2092-013,C2,ran,C2_ran,breed_TP,NA,5510.99386,4.898659559,70.87205851
MS11S2007-012,C2,sel,C2_sel,breed_TP,NA,5060.889438,-0.311738356,78.19484108
MS11S2007-023,C2,sel,C2_sel,breed_TP,NA,4516.860254,6.411199281,67.43150547
MS11S2014-023,C2,sel,C2_sel,breed_TP,NA,5323.394377,8.097661902,72.75139129
MS11S2016-001,C2,sel,C2_sel,breed_TP,NA,5712.937134,7.407264614,66.7706466
MS11S2016-014,C2,sel,C2_sel,breed_TP,NA,5616.292004,6.849770862,70.0936902
MS11S2016-015,C2,sel,C2_sel,breed_TP,NA,4658.144472,10.15502754,67.19375883
MS11S2016-016,C2,sel,C2_sel,breed_TP,NA,5738.532125,7.658907949,65.99625474
MS11S2016-021,C2,sel,C2_sel,breed_TP,NA,5130.883994,9.288380796,69.50803527
MS11S2020-020,C2,sel,C2_sel,breed_TP,NA,4748.851937,4.241699204,78.42153414
MS11S2021-003,C2,sel,C2_sel,breed_TP,NA,5437.178645,7.865966478,68.87442755
MS11S2021-008,C2,sel,C2_sel,breed_TP,NA,5200.32314,8.251240809,68.74327061
MS11S2021-024,C2,sel,C2_sel,breed_TP,NA,4827.749223,7.139755652,72.21090436
MS11S2024-006,C2,sel,C2_sel,breed_TP,NA,5558.494971,3.57886242,69.6229735
MS11S2024-008,C2,sel,C2_sel,breed_TP,NA,5356.208278,7.323556364,71.8351019
MS11S2024-013,C2,sel,C2_sel,breed_TP,NA,4878.337442,10.83677663,70.13024714
MS11S2024-015,C2,sel,C2_sel,breed_TP,NA,5111.997856,6.385257377,71.33607734
MS11S2024-019,C2,sel,C2_sel,breed_TP,NA,5198.13412,6.25857689,71.34291109
MS11S2024-021,C2,sel,C2_sel,breed_TP,NA,4803.470641,7.120530322,67.44238617
MS11S2024-022,C2,sel,C2_sel,breed_TP,NA,5796.86093,7.418277709,69.95783287
MS11S2024-023,C2,sel,C2_sel,breed_TP,NA,5307.146712,10.0915289,68.3228699
MS11S2024-024,C2,sel,C2_sel,breed_TP,NA,5240.51404,8.874017453,73.40909215
MS11S2025-021,C2,sel,C2_sel,breed_TP,NA,5673.738942,5.469682326,69.34933181
MS11S2026-001,C2,sel,C2_sel,breed_TP,NA,4513.618828,9.986004373,66.90567799
MS11S2026-006,C2,sel,C2_sel,breed_TP,NA,3791.686506,11.65527883,69.03086444
MS11S2026-019,C2,sel,C2_sel,breed_TP,NA,3581.48636,7.924572891,70.96717793
MS11S2026-020,C2,sel,C2_sel,breed_TP,NA,3574.196149,6.189101638,65.08885681
MS11S2028-017,C2,sel,C2_sel,breed_TP,NA,4576.955975,5.423308931,70.64535032
MS11S2029-011,C2,sel,C2_sel,breed_TP,NA,5319.096687,15.48478587,69.71968997
MS11S2029-012,C2,sel,C2_sel,breed_TP,NA,5439.004787,13.49514577,69.43928079
MS11S2029-014,C2,sel,C2_sel,breed_TP,NA,4845.104972,15.37070317,69.97844289
MS11S2029-017,C2,sel,C2_sel,breed_TP,NA,5335.70458,11.24379921,65.17238335
MS11S2029-018,C2,sel,C2_sel,breed_TP,NA,5252.961725,7.757780824,70.97470954
MS11S2029-019,C2,sel,C2_sel,breed_TP,NA,4822.937569,8.728359202,69.34113125
MS11S2029-024,C2,sel,C2_sel,breed_TP,NA,4829.99952,14.9651018,69.68595463
MS11S2030-006,C2,sel,C2_sel,breed_TP,NA,4171.569392,4.447951369,74.38336446
MS11S2031-023,C2,sel,C2_sel,breed_TP,NA,4885.594134,8.379102905,75.31734595
MS11S2033-024,C2,sel,C2_sel,breed_TP,NA,5070.663981,10.10526194,65.82298079
MS11S2036-019,C2,sel,C2_sel,breed_TP,NA,6294.029414,11.02713517,66.85427982
MS11S2040-020,C2,sel,C2_sel,breed_TP,NA,4779.534852,15.75440403,63.39630887
MS11S2052-001,C2,sel,C2_sel,breed_TP,NA,5152.237627,9.166164527,70.9057774
MS11S2052-008,C2,sel,C2_sel,breed_TP,NA,4809.409515,4.849516727,74.23407872
MS11S2052-009,C2,sel,C2_sel,breed_TP,NA,5127.141312,6.338624903,67.38450359
MS11S2052-010,C2,sel,C2_sel,breed_TP,NA,5556.883894,6.480071873,72.40310243
MS11S2052-011,C2,sel,C2_sel,breed_TP,NA,4647.263616,9.006393098,71.06604829
MS11S2052-012,C2,sel,C2_sel,breed_TP,NA,5808.809503,8.599045909,74.99207519
MS11S2052-019,C2,sel,C2_sel,breed_TP,NA,4745.091813,7.975015019,67.80122324
MS11S2052-022,C2,sel,C2_sel,breed_TP,NA,5101.2573,4.966051382,71.99888496
MS11S2052-024,C2,sel,C2_sel,breed_TP,NA,5284.827151,9.238255557,69.07903486
MS11S2053-015,C2,sel,C2_sel,breed_TP,NA,5237.005478,8.110975034,66.37267639
MS11S2053-018,C2,sel,C2_sel,breed_TP,NA,5304.915109,8.680489518,70.37248359
MS11S2053-023,C2,sel,C2_sel,breed_TP,NA,5767.128771,5.444636731,67.60964752
MS11S2057-016,C2,sel,C2_sel,breed_TP,NA,4996.947236,17.81481655,68.68952159
MS11S2057-023,C2,sel,C2_sel,breed_TP,NA,4969.826912,8.645020226,74.07351647
MS11S2058-004,C2,sel,C2_sel,breed_TP,NA,4958.306007,10.83936906,65.69682349
MS11S2058-010,C2,sel,C2_sel,breed_TP,NA,5308.296654,12.59474836,65.3537858
MS11S2058-012,C2,sel,C2_sel,breed_TP,NA,5520.698479,7.482216771,63.9084694
MS11S2058-014,C2,sel,C2_sel,breed_TP,NA,6196.492651,9.383005338,68.00418854
MS11S2058-019,C2,sel,C2_sel,breed_TP,NA,5325.637393,9.676011562,68.00601449
MS11S2058-021,C2,sel,C2_sel,breed_TP,NA,5262.862335,5.504323721,71.80276593
MS11S2058-022,C2,sel,C2_sel,breed_TP,NA,5479.437993,9.196575921,66.46101944
MS11S2063-020,C2,sel,C2_sel,breed_TP,NA,3188.015176,22.46877295,60.63471217
MS11S2064-005,C2,sel,C2_sel,breed_TP,NA,5239.779432,7.458370146,72.34155611
MS11S2064-006,C2,sel,C2_sel,breed_TP,NA,4668.307916,8.825930893,60.51448579
MS11S2064-008,C2,sel,C2_sel,breed_TP,NA,5134.50729,14.06404442,70.5747139
MS11S2064-009,C2,sel,C2_sel,breed_TP,NA,5573.215195,7.920267,64.63448591
MS11S2064-016,C2,sel,C2_sel,breed_TP,NA,4709.882707,11.21184905,62.8939305
MS11S2064-018,C2,sel,C2_sel,breed_TP,NA,5101.823599,12.84884296,69.32186506
MS11S2065-022,C2,sel,C2_sel,breed_TP,NA,5251.991655,11.24549364,72.36931414
MS11S2069-019,C2,sel,C2_sel,breed_TP,NA,4391.051696,10.65089328,70.12707216
MS11S2070-017,C2,sel,C2_sel,breed_TP,NA,4950.696553,13.06093277,73.9199912
MS11S2070-018,C2,sel,C2_sel,breed_TP,NA,5190.75008,17.93246903,70.66694959
MS11S2075-014,C2,sel,C2_sel,breed_TP,NA,3465.468479,10.56524464,56.92432793
MS11S2075-015,C2,sel,C2_sel,breed_TP,NA,4737.807231,19.22752495,54.26189269
MS11S2075-019,C2,sel,C2_sel,breed_TP,NA,4387.284789,16.57027121,65.46695643
MS11S2076-002,C2,sel,C2_sel,breed_TP,NA,4643.634257,11.62862015,70.1836803
MS11S2076-014,C2,sel,C2_sel,breed_TP,NA,4810.973832,6.219132857,67.26521615
MS11S2076-019,C2,sel,C2_sel,breed_TP,NA,5080.97214,13.35051918,69.13121779
MS11S2076-021,C2,sel,C2_sel,breed_TP,NA,5283.17816,12.05984303,64.61859204
MS11S2076-022,C2,sel,C2_sel,breed_TP,NA,5186.204174,14.97394843,69.00578464
MS11S2077-003,C2,sel,C2_sel,breed_TP,NA,5245.399239,22.79656363,63.13105471
MS11S2077-013,C2,sel,C2_sel,breed_TP,NA,4596.979246,20.93553668,68.74228358
MS11S2078-001,C2,sel,C2_sel,breed_TP,NA,4965.189366,8.602269305,68.43761126
MS11S2078-017,C2,sel,C2_sel,breed_TP,NA,5619.498763,12.4277958,61.27400119
MS11S2079-018,C2,sel,C2_sel,breed_TP,NA,5480.112946,9.953891584,68.36784827
MS11S2080-002,C2,sel,C2_sel,breed_TP,NA,5573.18101,8.097538782,65.18666312
MS11S2080-004,C2,sel,C2_sel,breed_TP,NA,5603.346579,13.87819309,63.63752745
MS11S2080-006,C2,sel,C2_sel,breed_TP,NA,4982.909161,7.980576317,57.7234115
MS11S2080-007,C2,sel,C2_sel,breed_TP,NA,5173.195212,14.37194635,64.5705092
MS11S2080-009,C2,sel,C2_sel,breed_TP,NA,4858.356345,11.0509468,64.85670523
MS11S2080-010,C2,sel,C2_sel,breed_TP,NA,4981.448634,9.397906087,67.95460495
MS11S2080-012,C2,sel,C2_sel,breed_TP,NA,4483.683278,6.187978108,68.32266089
MS11S2080-015,C2,sel,C2_sel,breed_TP,NA,3459.304201,2.445359115,71.29244375
MS11S2080-016,C2,sel,C2_sel,breed_TP,NA,5245.502969,8.9689498,70.66003438
MS11S2080-017,C2,sel,C2_sel,breed_TP,NA,4742.526471,2.917836287,75.29601456
MS11S2080-019,C2,sel,C2_sel,breed_TP,NA,5218.28155,9.117305588,69.20536693
MS11S2082-001,C2,sel,C2_sel,breed_TP,NA,5202.263224,18.89760039,65.09355081
MS11S2082-014,C2,sel,C2_sel,breed_TP,NA,5122.722108,22.94977112,69.15233423
MS11S2090-011,C2,sel,C2_sel,breed_TP,NA,5752.950415,7.388246597,69.30458005
MS11S2090-013,C2,sel,C2_sel,breed_TP,NA,5253.189878,16.25434443,58.35359528
MS11S2090-020,C2,sel,C2_sel,breed_TP,NA,5084.315146,4.291468698,70.23445179
MS11S2090-023,C2,sel,C2_sel,breed_TP,NA,5181.276042,8.849452584,71.9723141
MS11S2091-015,C2,sel,C2_sel,breed_TP,NA,5271.536208,8.749427204,68.60136057
6B03-4304,C0,par,C0_par,TGS_VP,BARI,6524.551854,11.15720922,85.01196076
6B03-4478,C0,par,C0_par,TGS_VP,BARI,7098.349445,16.17213212,80.25725585
6B04-0290,C0,par,C0_par,TGS_VP,BARI,6240.910927,17.26510729,84.02465992
6B05-0922,C0,par,C0_par,TGS_VP,BARI,6743.86435,12.05320374,85.02284861
6B06-1132,C0,par,C0_par,TGS_VP,BARI,6649.731143,15.39703785,85.48554987
FEG141-20,C0,par,C0_par,TGS_VP,UMN,6491.890155,13.70322372,85.68837308
FEG153-58,C0,par,C0_par,TGS_VP,UMN,6234.219997,11.49886833,85.22868146
FEG154-47,C0,par,C0_par,TGS_VP,UMN,6180.00842,10.77601967,85.40395947
FEG175-57,C0,par,C0_par,TGS_VP,UMN,6104.519858,8.842980258,87.63050069
M122,C0,par,C0_par,TGS_VP,UMN,6785.089008,11.53398696,85.98424165
ND20448,C0,par,C0_par,TGS_VP,NDSU,6208.097459,11.16302113,85.19687799
ND24906,C0,par,C0_par,TGS_VP,NDSU,5786.803552,19.19053056,84.72446124
ND25160,C0,par,C0_par,TGS_VP,NDSU,6912.080399,10.19210175,85.11752809
ND25652,C0,par,C0_par,TGS_VP,NDSU,6524.028478,13.28589085,81.5348271
ND25728,C0,par,C0_par,TGS_VP,NDSU,6961.676891,8.221336904,88.63838155
ND25986,C0,par,C0_par,TGS_VP,NDSU,6756.65594,9.515018229,87.75491959
ND26036,C0,par,C0_par,TGS_VP,NDSU,6224.585339,8.154899586,85.2477597
ND26104,C0,par,C0_par,TGS_VP,NDSU,6600.264405,16.28997183,80.70621994
MS10S3001-007,C1,ran,C1_ran,TGS_VP,NA,6625.245511,10.10485841,88.45602096
MS10S3002-014,C1,ran,C1_ran,TGS_VP,NA,6396.575995,12.57772804,87.05138729
MS10S3002-015,C1,ran,C1_ran,TGS_VP,NA,6098.939569,10.97097181,88.19328359
MS10S3002-021,C1,ran,C1_ran,TGS_VP,NA,6717.164202,12.00532213,89.75731185
MS10S3002-024,C1,ran,C1_ran,TGS_VP,NA,6640.032293,13.10208562,84.29549972
MS10S3003-002,C1,ran,C1_ran,TGS_VP,NA,6447.373114,12.09126665,89.04675071
MS10S3004-006,C1,ran,C1_ran,TGS_VP,NA,6577.213063,9.871660073,87.45071074
MS10S3004-018,C1,ran,C1_ran,TGS_VP,NA,5934.230832,14.22945131,86.15566512
MS10S3008-004,C1,ran,C1_ran,TGS_VP,NA,6366.52302,7.949887637,85.38549058
MS10S3008-005,C1,ran,C1_ran,TGS_VP,NA,5952.160777,11.0115324,82.80650002
MS10S3008-007,C1,ran,C1_ran,TGS_VP,NA,6323.678108,8.240624704,90.38611724
MS10S3008-009,C1,ran,C1_ran,TGS_VP,NA,6278.215775,13.26303205,87.47727116
MS10S3008-010,C1,ran,C1_ran,TGS_VP,NA,6248.127745,8.725516346,87.09755435
MS10S3008-012,C1,ran,C1_ran,TGS_VP,NA,6265.978392,7.410629682,92.63612885
MS10S3008-014,C1,ran,C1_ran,TGS_VP,NA,6880.282592,14.69618552,81.92894125
MS10S3012-020,C1,ran,C1_ran,TGS_VP,NA,6104.511829,9.346409312,81.14620117
MS10S3013-020,C1,ran,C1_ran,TGS_VP,NA,6778.304223,13.54048156,85.85415593
MS10S3016-004,C1,ran,C1_ran,TGS_VP,NA,6508.315742,10.77669752,85.92952329
MS10S3016-006,C1,ran,C1_ran,TGS_VP,NA,6344.325512,14.51701876,82.42309955
MS10S3016-011,C1,ran,C1_ran,TGS_VP,NA,6807.672778,7.187236597,90.22420428
MS10S3017-001,C1,ran,C1_ran,TGS_VP,NA,6187.647196,11.65100339,84.33141595
MS10S3017-012,C1,ran,C1_ran,TGS_VP,NA,6040.78864,11.40464147,88.83655933
MS10S3017-015,C1,ran,C1_ran,TGS_VP,NA,6519.787043,14.5937318,81.23116491
MS10S3018-007,C1,ran,C1_ran,TGS_VP,NA,6359.893898,11.17217196,91.06328784
MS10S3019-005,C1,ran,C1_ran,TGS_VP,NA,6399.409973,19.9016219,77.19791151
MS10S3019-013,C1,ran,C1_ran,TGS_VP,NA,5424.455168,6.551851384,90.56497416
MS10S3021-013,C1,ran,C1_ran,TGS_VP,NA,6653.985437,12.84012303,85.82751659
MS10S3022-019,C1,ran,C1_ran,TGS_VP,NA,6322.633204,13.13131881,89.37122674
MS10S3022-020,C1,ran,C1_ran,TGS_VP,NA,6106.293845,8.160141475,92.43769633
MS10S3024-001,C1,ran,C1_ran,TGS_VP,NA,5658.430924,12.46892192,84.17195622
MS10S3025-003,C1,ran,C1_ran,TGS_VP,NA,6133.442334,14.29765117,89.91204086
MS10S3025-017,C1,ran,C1_ran,TGS_VP,NA,5952.774636,11.25247302,87.41765711
MS10S3039-014,C1,ran,C1_ran,TGS_VP,NA,5937.378865,12.75640461,85.04656669
MS10S3039-017,C1,ran,C1_ran,TGS_VP,NA,6309.697102,16.60940971,85.28632886
MS10S3040-020,C1,ran,C1_ran,TGS_VP,NA,6257.666028,11.55963921,83.22779155
MS10S3041-002,C1,ran,C1_ran,TGS_VP,NA,5919.031916,15.37401986,86.48226908
MS10S3041-005,C1,ran,C1_ran,TGS_VP,NA,5776.372692,14.68736556,85.57052734
MS10S3041-007,C1,ran,C1_ran,TGS_VP,NA,6432.301744,21.57766792,80.61038207
MS10S3041-010,C1,ran,C1_ran,TGS_VP,NA,5524.893512,10.58273893,84.57004858
MS10S3042-010,C1,ran,C1_ran,TGS_VP,NA,6468.826992,14.16189897,80.7739242
MS10S3042-014,C1,ran,C1_ran,TGS_VP,NA,6268.977676,13.59688813,80.01642333
MS10S3043-008,C1,ran,C1_ran,TGS_VP,NA,6695.660357,14.04262485,91.16714972
MS10S3043-013,C1,ran,C1_ran,TGS_VP,NA,6650.074183,17.0266051,89.07100977
MS10S3043-015,C1,ran,C1_ran,TGS_VP,NA,7029.606957,14.37375054,85.19379648
MS10S3044-013,C1,ran,C1_ran,TGS_VP,NA,6345.525541,20.15444825,91.83484445
MS10S3044-018,C1,ran,C1_ran,TGS_VP,NA,6066.659952,19.06867776,84.84482598
MS10S3045-017,C1,ran,C1_ran,TGS_VP,NA,6393.927861,14.8410892,89.32757939
MS10S3046-016,C1,ran,C1_ran,TGS_VP,NA,5609.02694,18.60622395,88.49044024
MS10S3046-019,C1,ran,C1_ran,TGS_VP,NA,5608.049648,16.42868626,88.22283775
MS10S3001-013,C1,sel,C1_sel,TGS_VP,NA,7141.979864,9.34555165,88.18305879
MS10S3001-017,C1,sel,C1_sel,TGS_VP,NA,6671.115835,8.517532013,84.55785424
MS10S3002-012,C1,sel,C1_sel,TGS_VP,NA,6523.439426,13.52615476,87.02149686
MS10S3004-013,C1,sel,C1_sel,TGS_VP,NA,6433.51826,12.65682694,86.16098372
MS10S3004-016,C1,sel,C1_sel,TGS_VP,NA,6529.822669,11.1402114,83.3384616
MS10S3005-005,C1,sel,C1_sel,TGS_VP,NA,6293.912262,12.17362174,88.18966986
MS10S3007-005,C1,sel,C1_sel,TGS_VP,NA,5663.620972,7.421868234,86.77135945
MS10S3007-024,C1,sel,C1_sel,TGS_VP,NA,6194.509098,9.614518169,86.81780395
MS10S3008-001,C1,sel,C1_sel,TGS_VP,NA,6089.783016,10.63550099,85.19020214
MS10S3008-002,C1,sel,C1_sel,TGS_VP,NA,6671.648826,6.677377495,93.76982319
MS10S3008-003,C1,sel,C1_sel,TGS_VP,NA,6109.938606,10.24776033,89.30806097
MS10S3013-001,C1,sel,C1_sel,TGS_VP,NA,5994.372063,12.37280901,83.08079722
MS10S3013-006,C1,sel,C1_sel,TGS_VP,NA,5948.815398,9.44492525,88.2310008
MS10S3013-009,C1,sel,C1_sel,TGS_VP,NA,6669.235513,8.706101119,86.08016063
MS10S3013-019,C1,sel,C1_sel,TGS_VP,NA,6334.609987,11.07494696,87.18271966
MS10S3013-023,C1,sel,C1_sel,TGS_VP,NA,6222.94058,9.878433614,89.19581353
MS10S3014-014,C1,sel,C1_sel,TGS_VP,NA,6627.263763,10.57968512,87.24776866
MS10S3015-002,C1,sel,C1_sel,TGS_VP,NA,5689.374725,13.56943302,87.41387335
MS10S3019-014,C1,sel,C1_sel,TGS_VP,NA,5949.156949,8.776504073,87.38533912
MS10S3021-009,C1,sel,C1_sel,TGS_VP,NA,6126.248842,17.47093253,83.61923194
MS10S3031-012,C1,sel,C1_sel,TGS_VP,NA,6630.285513,14.29882328,86.71339454
MS10S3031-016,C1,sel,C1_sel,TGS_VP,NA,6688.11597,9.153328486,88.76689731
MS10S3032-004,C1,sel,C1_sel,TGS_VP,NA,6889.373473,9.484915889,84.03823414
MS10S3032-006,C1,sel,C1_sel,TGS_VP,NA,6606.768642,15.27649331,83.70133258
MS10S3032-007,C1,sel,C1_sel,TGS_VP,NA,6524.324249,9.979171455,85.60993624
MS10S3032-008,C1,sel,C1_sel,TGS_VP,NA,6160.876122,11.84942932,86.37748759
MS10S3032-010,C1,sel,C1_sel,TGS_VP,NA,6211.66495,12.2837307,87.63472149
MS10S3032-012,C1,sel,C1_sel,TGS_VP,NA,6131.748136,9.388542569,90.81641604
MS10S3032-015,C1,sel,C1_sel,TGS_VP,NA,5838.303439,9.79126408,87.66554048
MS10S3032-016,C1,sel,C1_sel,TGS_VP,NA,5968.536807,6.876581291,88.9115215
MS10S3032-018,C1,sel,C1_sel,TGS_VP,NA,6446.899245,12.41875146,84.06838588
MS10S3032-022,C1,sel,C1_sel,TGS_VP,NA,6161.20392,10.79506799,85.94689801
MS10S3034-002,C1,sel,C1_sel,TGS_VP,NA,6516.682149,15.97578557,85.98055678
MS10S3034-014,C1,sel,C1_sel,TGS_VP,NA,5771.779627,12.66252518,84.93297724
MS10S3034-019,C1,sel,C1_sel,TGS_VP,NA,6950.041851,12.81619569,78.18816916
MS10S3036-024,C1,sel,C1_sel,TGS_VP,NA,6495.239543,15.1554317,78.94388963
MS10S3042-003,C1,sel,C1_sel,TGS_VP,NA,6264.035656,14.70141611,86.11850513
MS10S3044-008,C1,sel,C1_sel,TGS_VP,NA,5591.978178,12.23669113,85.56139579
MS10S3046-004,C1,sel,C1_sel,TGS_VP,NA,5465.502382,19.76006012,82.53529444
MS10S3048-002,C1,sel,C1_sel,TGS_VP,NA,6157.659343,15.91114542,84.27866051
MS10S3050-024,C1,sel,C1_sel,TGS_VP,NA,6739.452158,12.38803265,80.04983684
MS10S3051-012,C1,sel,C1_sel,TGS_VP,NA,6284.217868,14.56081466,86.6723249
MS10S3051-023,C1,sel,C1_sel,TGS_VP,NA,6319.896815,24.00148217,78.77869177
MS10S3052-009,C1,sel,C1_sel,TGS_VP,NA,6860.108932,22.34534009,80.54981867
MS10S3052-014,C1,sel,C1_sel,TGS_VP,NA,6661.790823,14.23858902,82.60312168
MS10S3052-020,C1,sel,C1_sel,TGS_VP,NA,6903.620924,13.86895311,77.92062719
MS10S3053-010,C1,sel,C1_sel,TGS_VP,NA,7107.923941,17.6349212,86.1397173
MS10S3055-001,C1,sel,C1_sel,TGS_VP,NA,6962.645638,22.99751153,80.0624021
MS10S3055-010,C1,sel,C1_sel,TGS_VP,NA,5687.579962,11.52562968,84.3297047
MS10S3063-002,C1,sel,C1_sel,TGS_VP,NA,5913.830868,13.38043727,84.69969392
MS11S2004-001,C2,ran,C2_ran,TGS_VP,NA,6159.114112,7.982422914,85.48155594
MS11S2004-006,C2,ran,C2_ran,TGS_VP,NA,6597.001465,11.34699798,85.51487017
MS11S2005-006,C2,ran,C2_ran,TGS_VP,NA,6567.999697,18.63407525,86.90529592
MS11S2005-015,C2,ran,C2_ran,TGS_VP,NA,6923.113379,11.20668174,84.37729924
MS11S2007-002,C2,ran,C2_ran,TGS_VP,NA,6495.090124,8.433369046,88.30439498
MS11S2013-007,C2,ran,C2_ran,TGS_VP,NA,6273.801661,9.611746101,83.88137003
MS11S2016-008,C2,ran,C2_ran,TGS_VP,NA,6903.936416,13.63553847,85.5762588
MS11S2016-011,C2,ran,C2_ran,TGS_VP,NA,7055.976973,9.835963612,90.19014265
MS11S2016-020,C2,ran,C2_ran,TGS_VP,NA,7516.152155,14.31403465,87.33293605
MS11S2020-008,C2,ran,C2_ran,TGS_VP,NA,6070.448663,10.33397635,93.8570111
MS11S2020-017,C2,ran,C2_ran,TGS_VP,NA,6032.35784,11.57492179,86.56776702
MS11S2022-013,C2,ran,C2_ran,TGS_VP,NA,5993.967984,9.950700755,84.5384652
MS11S2025-009,C2,ran,C2_ran,TGS_VP,NA,6437.169086,11.01583763,87.01755093
MS11S2027-001,C2,ran,C2_ran,TGS_VP,NA,6046.170119,16.25985351,84.47120846
MS11S2027-008,C2,ran,C2_ran,TGS_VP,NA,6819.864422,12.02047138,86.67015215
MS11S2029-021,C2,ran,C2_ran,TGS_VP,NA,7171.8033,17.46125232,87.96272819
MS11S2034-002,C2,ran,C2_ran,TGS_VP,NA,6227.309896,11.66121707,86.17120127
MS11S2036-009,C2,ran,C2_ran,TGS_VP,NA,7195.925538,12.31966637,84.83359684
MS11S2036-015,C2,ran,C2_ran,TGS_VP,NA,6483.332263,7.886271924,88.84207328
MS11S2036-023,C2,ran,C2_ran,TGS_VP,NA,6676.101875,11.59592784,84.59758778
MS11S2037-011,C2,ran,C2_ran,TGS_VP,NA,6206.416364,16.80299336,89.25583732
MS11S2037-022,C2,ran,C2_ran,TGS_VP,NA,6650.587511,12.49628449,88.30566273
MS11S2038-011,C2,ran,C2_ran,TGS_VP,NA,6778.424157,10.97168065,84.9158683
MS11S2038-016,C2,ran,C2_ran,TGS_VP,NA,6580.170783,10.58536272,83.04421203
MS11S2041-015,C2,ran,C2_ran,TGS_VP,NA,6051.746127,6.78813383,86.34832674
MS11S2041-020,C2,ran,C2_ran,TGS_VP,NA,5947.971618,9.502494216,86.35881252
MS11S2042-003,C2,ran,C2_ran,TGS_VP,NA,6363.671859,15.45710223,82.88151523
MS11S2042-013,C2,ran,C2_ran,TGS_VP,NA,6558.096627,16.25156771,84.06954918
MS11S2042-019,C2,ran,C2_ran,TGS_VP,NA,6545.993327,15.24686637,81.59242935
MS11S2042-021,C2,ran,C2_ran,TGS_VP,NA,6518.778473,16.36460516,86.65192607
MS11S2048-001,C2,ran,C2_ran,TGS_VP,NA,6374.895439,9.670820147,87.1445901
MS11S2048-005,C2,ran,C2_ran,TGS_VP,NA,6167.549883,9.320467645,85.40165261
MS11S2048-014,C2,ran,C2_ran,TGS_VP,NA,5916.025999,8.636709353,89.2076444
MS11S2053-001,C2,ran,C2_ran,TGS_VP,NA,7025.980482,11.17405717,89.68143471
MS11S2053-017,C2,ran,C2_ran,TGS_VP,NA,6002.152712,7.579231204,86.8015491
MS11S2057-012,C2,ran,C2_ran,TGS_VP,NA,5953.017141,9.790402849,90.30031191
MS11S2058-003,C2,ran,C2_ran,TGS_VP,NA,6475.583242,13.03204271,81.36754835
MS11S2059-001,C2,ran,C2_ran,TGS_VP,NA,6758.635278,10.8993508,87.55796006
MS11S2063-024,C2,ran,C2_ran,TGS_VP,NA,6952.224425,19.42328083,84.68941135
MS11S2064-007,C2,ran,C2_ran,TGS_VP,NA,5521.01074,15.47694848,89.63764953
MS11S2064-020,C2,ran,C2_ran,TGS_VP,NA,5913.198127,13.17246843,83.23743567
MS11S2064-021,C2,ran,C2_ran,TGS_VP,NA,5756.938555,10.57117732,87.07401265
MS11S2067-014,C2,ran,C2_ran,TGS_VP,NA,6071.920099,16.22397662,86.89872199
MS11S2069-021,C2,ran,C2_ran,TGS_VP,NA,5717.644172,13.38436994,86.91143668
MS11S2070-002,C2,ran,C2_ran,TGS_VP,NA,5990.990384,16.23982253,87.50519442
MS11S2073-009,C2,ran,C2_ran,TGS_VP,NA,6540.163293,13.54492567,85.83551045
MS11S2073-019,C2,ran,C2_ran,TGS_VP,NA,6499.415489,14.56471741,85.45466358
MS11S2078-015,C2,ran,C2_ran,TGS_VP,NA,6108.42713,7.962511841,89.42170751
MS11S2082-007,C2,ran,C2_ran,TGS_VP,NA,6919.442442,11.41112637,83.74921686
MS11S2092-012,C2,ran,C2_ran,TGS_VP,NA,6497.309785,14.14699564,87.48243879
MS11S2007-008,C2,sel,C2_sel,TGS_VP,NA,6969.134225,5.502181576,97.42066191
MS11S2014-023,C2,sel,C2_sel,TGS_VP,NA,6230.406284,6.481553415,91.09804462
MS11S2016-021,C2,sel,C2_sel,TGS_VP,NA,7361.141797,11.52771346,90.52141066
MS11S2020-020,C2,sel,C2_sel,TGS_VP,NA,6383.66645,4.496985464,97.42697465
MS11S2021-008,C2,sel,C2_sel,TGS_VP,NA,6849.168901,7.462115946,87.18231706
MS11S2024-013,C2,sel,C2_sel,TGS_VP,NA,5968.978911,8.826917675,90.57811408
MS11S2024-023,C2,sel,C2_sel,TGS_VP,NA,6360.700214,7.436406758,86.20788621
MS11S2026-006,C2,sel,C2_sel,TGS_VP,NA,5910.19332,7.444348907,87.82172943
MS11S2026-019,C2,sel,C2_sel,TGS_VP,NA,5046.919518,8.622144188,90.71926033
MS11S2028-017,C2,sel,C2_sel,TGS_VP,NA,6186.527614,8.845778925,91.50218311
MS11S2029-011,C2,sel,C2_sel,TGS_VP,NA,6314.943788,13.11502848,86.89436466
MS11S2029-014,C2,sel,C2_sel,TGS_VP,NA,5286.893097,12.72542037,90.65453551
MS11S2029-017,C2,sel,C2_sel,TGS_VP,NA,5674.472027,14.53388413,88.52238602
MS11S2029-018,C2,sel,C2_sel,TGS_VP,NA,6824.413443,13.80458972,91.51402483
MS11S2030-006,C2,sel,C2_sel,TGS_VP,NA,6004.803586,6.852728167,98.98022694
MS11S2031-023,C2,sel,C2_sel,TGS_VP,NA,6605.759472,11.40932708,88.78471096
MS11S2033-024,C2,sel,C2_sel,TGS_VP,NA,6280.182588,20.82698461,91.56321602
MS11S2036-019,C2,sel,C2_sel,TGS_VP,NA,7053.342255,9.858411116,84.66512891
MS11S2052-001,C2,sel,C2_sel,TGS_VP,NA,5562.975398,9.050453916,91.13316739
MS11S2052-008,C2,sel,C2_sel,TGS_VP,NA,5869.640116,8.979150195,90.61116086
MS11S2052-010,C2,sel,C2_sel,TGS_VP,NA,6492.438195,9.813326508,90.14009455
MS11S2053-023,C2,sel,C2_sel,TGS_VP,NA,6739.457757,8.595135023,91.04945435
MS11S2058-010,C2,sel,C2_sel,TGS_VP,NA,7131.137366,12.62536659,84.0066143
MS11S2058-012,C2,sel,C2_sel,TGS_VP,NA,7096.854579,10.56955187,82.59152481
MS11S2058-014,C2,sel,C2_sel,TGS_VP,NA,6353.026112,7.756651689,84.57647383
MS11S2058-019,C2,sel,C2_sel,TGS_VP,NA,7021.018732,9.080717014,85.47207359
MS11S2058-022,C2,sel,C2_sel,TGS_VP,NA,6715.308411,11.61190443,89.29432993
MS11S2064-004,C2,sel,C2_sel,TGS_VP,NA,6192.45925,14.23454587,81.62670358
MS11S2064-005,C2,sel,C2_sel,TGS_VP,NA,5950.392982,13.42190204,86.78812018
MS11S2064-009,C2,sel,C2_sel,TGS_VP,NA,6281.27715,12.21595533,89.05859714
MS11S2069-019,C2,sel,C2_sel,TGS_VP,NA,6360.293563,12.33846698,89.14700669
MS11S2070-017,C2,sel,C2_sel,TGS_VP,NA,5989.798523,14.03863593,89.17090927
MS11S2070-018,C2,sel,C2_sel,TGS_VP,NA,6015.999942,13.03518777,86.11197998
MS11S2075-019,C2,sel,C2_sel,TGS_VP,NA,6714.268404,18.22598416,84.12168594
MS11S2076-002,C2,sel,C2_sel,TGS_VP,NA,5620.586147,7.271662905,87.69204393
MS11S2076-022,C2,sel,C2_sel,TGS_VP,NA,5425.521801,10.5983958,86.35212113
MS11S2077-003,C2,sel,C2_sel,TGS_VP,NA,6303.534842,18.17331639,84.19186679
MS11S2077-013,C2,sel,C2_sel,TGS_VP,NA,6982.799562,13.84991277,85.31147642
MS11S2078-001,C2,sel,C2_sel,TGS_VP,NA,6997.185086,15.63227088,84.61156302
MS11S2079-018,C2,sel,C2_sel,TGS_VP,NA,6306.06346,10.66597252,91.07237826
MS11S2080-002,C2,sel,C2_sel,TGS_VP,NA,6521.07447,8.043425088,83.80956111
MS11S2080-004,C2,sel,C2_sel,TGS_VP,NA,6488.302381,11.48533925,79.2199607
MS11S2080-007,C2,sel,C2_sel,TGS_VP,NA,6018.72609,16.98844115,85.11499131
MS11S2080-009,C2,sel,C2_sel,TGS_VP,NA,6880.222233,9.334622064,85.22353668
MS11S2080-012,C2,sel,C2_sel,TGS_VP,NA,5595.872896,10.38175117,82.92097963
MS11S2080-016,C2,sel,C2_sel,TGS_VP,NA,5893.24761,9.223520467,89.05613693
MS11S2080-017,C2,sel,C2_sel,TGS_VP,NA,6677.740437,8.725895828,91.00141371
MS11S2080-019,C2,sel,C2_sel,TGS_VP,NA,6474.494504,8.158164288,88.57518979
MS11S2090-013,C2,sel,C2_sel,TGS_VP,NA,6811.542758,12.31708818,77.34431651
MS11S2090-020,C2,sel,C2_sel,TGS_VP,NA,6212.414664,5.031263064,95.26096439
MS12_2103-018,C3,ran,C3_ran,TGS_VP,NA,6760.290427,7.0134757,97.14794869
MS12_2104-024,C3,ran,C3_ran,TGS_VP,NA,6307.850805,7.656307275,93.58553518
MS12_2105-012,C3,ran,C3_ran,TGS_VP,NA,5565.186786,8.093701049,89.61219644
MS12_2107-004,C3,ran,C3_ran,TGS_VP,NA,6886.887401,9.05158505,90.60040328
MS12_2107-019,C3,ran,C3_ran,TGS_VP,NA,5890.878556,13.04353767,90.52557161
MS12_2107-022,C3,ran,C3_ran,TGS_VP,NA,5351.402008,10.79779449,87.82876462
MS12_2112-003,C3,ran,C3_ran,TGS_VP,NA,7348.68453,6.060735899,90.65432366
MS12_2113-002,C3,ran,C3_ran,TGS_VP,NA,6548.458568,7.717060622,97.21784934
MS12_2113-017,C3,ran,C3_ran,TGS_VP,NA,5749.379183,6.391201876,101.8916677
MS12_2113-022,C3,ran,C3_ran,TGS_VP,NA,6639.528588,3.862586788,100.8447616
MS12_2128-004,C3,ran,C3_ran,TGS_VP,NA,5752.428429,12.09919902,91.69370562
MS12_2128-010,C3,ran,C3_ran,TGS_VP,NA,6021.658482,12.59470273,89.32712226
MS12_2128-014,C3,ran,C3_ran,TGS_VP,NA,6027.046956,16.8832497,86.03952279
MS12_2128-017,C3,ran,C3_ran,TGS_VP,NA,5139.988742,11.81890117,88.15069827
MS12_2131-014,C3,ran,C3_ran,TGS_VP,NA,6116.487419,9.563164185,87.89351321
MS12_2132-009,C3,ran,C3_ran,TGS_VP,NA,5869.055281,10.59082525,92.19728936
MS12_2134-013,C3,ran,C3_ran,TGS_VP,NA,6173.18801,13.70093875,86.77893865
MS12_2135-017,C3,ran,C3_ran,TGS_VP,NA,6580.955708,13.45755641,86.35527922
MS12_2138-001,C3,ran,C3_ran,TGS_VP,NA,6916.135899,13.80103698,88.40974486
MS12_2138-014,C3,ran,C3_ran,TGS_VP,NA,6668.28402,12.77229838,84.13842396
MS12_2138-019,C3,ran,C3_ran,TGS_VP,NA,6851.116792,14.17882713,84.33683517
MS12_2143-021,C3,ran,C3_ran,TGS_VP,NA,5736.962409,6.494304057,89.29478227
MS12_2144-008,C3,ran,C3_ran,TGS_VP,NA,6192.247608,10.219457,90.75649373
MS12_2145-003,C3,ran,C3_ran,TGS_VP,NA,5668.57063,8.54656655,89.74618015
MS12_2145-021,C3,ran,C3_ran,TGS_VP,NA,6151.997505,7.247835137,87.30123503
MS12_2148-004,C3,ran,C3_ran,TGS_VP,NA,6671.920596,4.759408749,94.00320188
MS12_2148-020,C3,ran,C3_ran,TGS_VP,NA,6500.674033,7.129419278,94.05466149
MS12_2150-010,C3,ran,C3_ran,TGS_VP,NA,6107.176733,9.391918879,86.28895519
MS12_2151-018,C3,ran,C3_ran,TGS_VP,NA,7046.239031,12.14134476,89.32597247
MS12_2151-019,C3,ran,C3_ran,TGS_VP,NA,6018.917004,10.28434107,88.7467499
MS12_2158-023,C3,ran,C3_ran,TGS_VP,NA,NA,NA,NA
MS12_2158-024,C3,ran,C3_ran,TGS_VP,NA,5108.140361,6.230315813,92.10995534
MS12_2159-004,C3,ran,C3_ran,TGS_VP,NA,6121.821617,14.24580865,83.69912256
MS12_2159-006,C3,ran,C3_ran,TGS_VP,NA,6104.853136,11.82601297,83.84538651
MS12_2162-011,C3,ran,C3_ran,TGS_VP,NA,6810.373971,8.381846557,88.29654974
MS12_2164-020,C3,ran,C3_ran,TGS_VP,NA,6846.074096,7.798626535,86.90092826
MS12_2167-007,C3,ran,C3_ran,TGS_VP,NA,6553.783807,5.908386679,91.06539336
MS12_2170-002,C3,ran,C3_ran,TGS_VP,NA,6335.958994,13.35787058,88.52338273
MS12_2170-003,C3,ran,C3_ran,TGS_VP,NA,6253.241356,13.49133518,84.80744616
MS12_2170-016,C3,ran,C3_ran,TGS_VP,NA,6279.379834,13.47708973,83.61897545
MS12_2171-016,C3,ran,C3_ran,TGS_VP,NA,7041.415725,16.70093636,85.29911255
MS12_2175-013,C3,ran,C3_ran,TGS_VP,NA,5554.702199,8.550247814,87.8390889
MS12_2178-006,C3,ran,C3_ran,TGS_VP,NA,5456.161152,6.327222236,93.38921362
MS12_2178-013,C3,ran,C3_ran,TGS_VP,NA,6399.376063,6.902478229,96.9376389
MS12_2181-016,C3,ran,C3_ran,TGS_VP,NA,6491.047123,9.467109195,90.07942971
MS12_2107-021,C3,sel,C3_sel,TGS_VP,NA,5801.37659,13.51850751,89.08336986
MS12_2108-009,C3,sel,C3_sel,TGS_VP,NA,7785.692313,18.93542936,88.89703717
MS12_2108-012,C3,sel,C3_sel,TGS_VP,NA,6918.330483,9.749242701,92.78946553
MS12_2108-016,C3,sel,C3_sel,TGS_VP,NA,6407.210388,11.60416499,82.57185372
MS12_2126-012,C3,sel,C3_sel,TGS_VP,NA,6307.701567,9.894802287,86.38736048
MS12_2126-013,C3,sel,C3_sel,TGS_VP,NA,6071.179508,16.47834522,82.60000261
MS12_2126-020,C3,sel,C3_sel,TGS_VP,NA,5511.316254,10.62317196,90.8142951
MS12_2134-016,C3,sel,C3_sel,TGS_VP,NA,5395.31742,9.612251517,90.62843354
MS12_2139-001,C3,sel,C3_sel,TGS_VP,NA,6163.739242,7.714326439,95.45194912
MS12_2139-008,C3,sel,C3_sel,TGS_VP,NA,6339.514143,9.298171822,90.84508907
MS12_2139-009,C3,sel,C3_sel,TGS_VP,NA,5721.502081,7.309501475,90.67531382
MS12_2139-013,C3,sel,C3_sel,TGS_VP,NA,6805.524119,5.925741945,93.05537077
MS12_2139-015,C3,sel,C3_sel,TGS_VP,NA,6169.982866,8.952821239,87.77008975
MS12_2139-016,C3,sel,C3_sel,TGS_VP,NA,6180.585572,8.871952295,92.0047787
MS12_2139-022,C3,sel,C3_sel,TGS_VP,NA,6399.931377,10.64793461,90.71189812
MS12_2145-016,C3,sel,C3_sel,TGS_VP,NA,6922.636477,10.27464481,88.31853326
MS12_2149-002,C3,sel,C3_sel,TGS_VP,NA,7238.712378,9.902413562,86.91952085
MS12_2149-005,C3,sel,C3_sel,TGS_VP,NA,7030.56577,11.29982981,89.14757502
MS12_2149-006,C3,sel,C3_sel,TGS_VP,NA,6845.888491,11.98530969,87.72890765
MS12_2149-007,C3,sel,C3_sel,TGS_VP,NA,7013.458396,12.61021086,89.02980048
MS12_2149-009,C3,sel,C3_sel,TGS_VP,NA,6974.262264,14.91462579,85.02425451
MS12_2149-011,C3,sel,C3_sel,TGS_VP,NA,7411.980894,6.829604168,89.00542766
MS12_2149-022,C3,sel,C3_sel,TGS_VP,NA,6751.380145,12.95991363,88.84375805
MS12_2151-002,C3,sel,C3_sel,TGS_VP,NA,7185.202122,11.42143829,84.43393703
MS12_2151-004,C3,sel,C3_sel,TGS_VP,NA,6442.161301,10.32829765,85.39289773
MS12_2158-006,C3,sel,C3_sel,TGS_VP,NA,6826.956283,15.0232484,88.73635305
MS12_2162-002,C3,sel,C3_sel,TGS_VP,NA,6907.406114,6.784912671,89.42482367
MS12_2162-003,C3,sel,C3_sel,TGS_VP,NA,6785.268363,8.798977118,88.71198231
MS12_2162-004,C3,sel,C3_sel,TGS_VP,NA,6095.258321,7.108185406,89.55775851
MS12_2162-010,C3,sel,C3_sel,TGS_VP,NA,6041.972851,6.894381973,87.68785248
MS12_2162-013,C3,sel,C3_sel,TGS_VP,NA,6411.97301,11.13375842,86.16979825
MS12_2162-015,C3,sel,C3_sel,TGS_VP,NA,6582.481666,11.51919606,87.96778923
MS12_2162-016,C3,sel,C3_sel,TGS_VP,NA,6650.571002,11.39981597,87.48573584
MS12_2162-017,C3,sel,C3_sel,TGS_VP,NA,6210.852613,12.80736243,89.10100914
MS12_2162-019,C3,sel,C3_sel,TGS_VP,NA,6319.324073,10.85768249,88.26414189
MS12_2162-021,C3,sel,C3_sel,TGS_VP,NA,6534.520664,10.63059286,88.73619656
MS12_2162-024,C3,sel,C3_sel,TGS_VP,NA,6744.039175,10.88321434,87.89424864
MS12_2164-003,C3,sel,C3_sel,TGS_VP,NA,5980.696552,14.43360334,83.52524079
MS12_2164-005,C3,sel,C3_sel,TGS_VP,NA,7188.478313,18.52111939,81.49555932
MS12_2164-019,C3,sel,C3_sel,TGS_VP,NA,6579.280131,10.98268317,90.46327607
MS12_2179-010,C3,sel,C3_sel,TGS_VP,NA,7189.803846,13.47617853,88.07704395
MS12_2179-018,C3,sel,C3_sel,TGS_VP,NA,6410.29433,12.05154384,82.10856991
MS12_2180-005,C3,sel,C3_sel,TGS_VP,NA,5763.963165,7.911756177,94.17110245
MS12_2180-011,C3,sel,C3_sel,TGS_VP,NA,6309.71054,13.14907185,84.61100409
MS12_2181-003,C3,sel,C3_sel,TGS_VP,NA,6651.042215,11.60357632,85.0349798
MS12_2181-008,C3,sel,C3_sel,TGS_VP,NA,6249.130054,12.93620431,81.99816365
MS12_2181-010,C3,sel,C3_sel,TGS_VP,NA,5228.69933,9.283884675,88.66400172
MS12_2181-014,C3,sel,C3_sel,TGS_VP,NA,6000.203674,6.491408953,93.81555663
MS12_2182-022,C3,sel,C3_sel,TGS_VP,NA,6024.036302,8.553863593,86.19858592
MS12_2184-010,C3,sel,C3_sel,TGS_VP,NA,5846.199905,14.3669287,84.48470236
MS10S3001-001,C1,ran,C1_ran,Vikas,NA,5822.770312,14.2315073,84.0513698
MS10S3001-005,C1,ran,C1_ran,Vikas,NA,5262.132339,13.36254157,83.9727828
MS10S3001-006,C1,ran,C1_ran,Vikas,NA,5186.465214,10.26787654,87.83350597
MS10S3001-008,C1,ran,C1_ran,Vikas,NA,6284.828288,9.159745656,85.47174262
MS10S3001-010,C1,ran,C1_ran,Vikas,NA,5444.154538,14.75933764,89.25226037
MS10S3001-012,C1,ran,C1_ran,Vikas,NA,5768.687784,13.21625816,89.29025285
MS10S3001-019,C1,ran,C1_ran,Vikas,NA,5080.996885,10.88158568,86.843249
MS10S3002-005,C1,ran,C1_ran,Vikas,NA,5135.778423,12.69631621,82.68181337
MS10S3002-006,C1,ran,C1_ran,Vikas,NA,5615.737795,10.37135701,76.84079986
MS10S3002-008,C1,ran,C1_ran,Vikas,NA,5104.371859,18.39415648,82.41091622
MS10S3002-010,C1,ran,C1_ran,Vikas,NA,5454.747493,14.04600224,81.59691794
MS10S3002-017,C1,ran,C1_ran,Vikas,NA,4961.042941,11.39197225,81.09729834
MS10S3002-018,C1,ran,C1_ran,Vikas,NA,5720.981703,12.12145909,82.02712577
MS10S3002-020,C1,ran,C1_ran,Vikas,NA,5277.99186,8.479329737,83.89893792
MS10S3003-003,C1,ran,C1_ran,Vikas,NA,6017.618978,10.6353377,82.48411252
MS10S3003-004,C1,ran,C1_ran,Vikas,NA,4662.59637,15.68310528,86.49429856
MS10S3003-007,C1,ran,C1_ran,Vikas,NA,4981.43516,16.10651415,80.06422739
MS10S3003-009,C1,ran,C1_ran,Vikas,NA,5110.426727,12.46771189,89.63880779
MS10S3003-010,C1,ran,C1_ran,Vikas,NA,5372.018789,13.10376214,82.74775236
MS10S3003-011,C1,ran,C1_ran,Vikas,NA,5247.834297,12.54007096,82.97806923
MS10S3003-012,C1,ran,C1_ran,Vikas,NA,5659.275962,12.80391657,79.49925821
MS10S3003-013,C1,ran,C1_ran,Vikas,NA,5631.323987,12.96614049,79.92798496
MS10S3003-017,C1,ran,C1_ran,Vikas,NA,4856.636112,9.814921005,78.35092503
MS10S3004-003,C1,ran,C1_ran,Vikas,NA,5171.061067,9.362962793,86.38720165
MS10S3004-008,C1,ran,C1_ran,Vikas,NA,5432.232111,11.25935093,85.16385461
MS10S3004-011,C1,ran,C1_ran,Vikas,NA,5162.768108,13.10608429,82.3654965
MS10S3004-014,C1,ran,C1_ran,Vikas,NA,4882.136076,10.87058953,79.11892936
MS10S3004-017,C1,ran,C1_ran,Vikas,NA,5109.489877,8.065623636,87.36438114
MS10S3004-019,C1,ran,C1_ran,Vikas,NA,5047.7299,11.52703562,84.16886251
MS10S3004-020,C1,ran,C1_ran,Vikas,NA,5190.942698,10.66477239,83.95377178
MS10S3004-024,C1,ran,C1_ran,Vikas,NA,5129.065896,11.58520122,82.57056555
MS10S3005-003,C1,ran,C1_ran,Vikas,NA,5639.107591,12.46956597,85.35811216
MS10S3005-007,C1,ran,C1_ran,Vikas,NA,5250.438888,15.4329366,84.77085984
MS10S3005-011,C1,ran,C1_ran,Vikas,NA,4831.10133,11.47136421,77.28337819
MS10S3005-012,C1,ran,C1_ran,Vikas,NA,5240.228701,14.26852956,85.74503348
MS10S3005-016,C1,ran,C1_ran,Vikas,NA,5397.772183,13.098244,84.07924267
MS10S3005-019,C1,ran,C1_ran,Vikas,NA,5717.644531,14.70501747,86.95614333
MS10S3005-020,C1,ran,C1_ran,Vikas,NA,5200.121165,13.79890301,85.29444416
MS10S3005-022,C1,ran,C1_ran,Vikas,NA,5056.827711,16.11011725,78.63840124
MS10S3007-001,C1,ran,C1_ran,Vikas,NA,4747.969561,10.6119778,75.63989502
MS10S3007-002,C1,ran,C1_ran,Vikas,NA,5112.434635,13.70123452,87.50218941
MS10S3007-003,C1,ran,C1_ran,Vikas,NA,5510.962073,9.935256424,85.37876062
MS10S3007-004,C1,ran,C1_ran,Vikas,NA,5007.902917,10.51276171,88.68935743
MS10S3007-011,C1,ran,C1_ran,Vikas,NA,5690.244674,12.20801718,81.40516443
MS10S3007-012,C1,ran,C1_ran,Vikas,NA,5583.320174,9.194278183,86.0373741
MS10S3007-013,C1,ran,C1_ran,Vikas,NA,5238.906961,10.05889739,78.94021556
MS10S3007-016,C1,ran,C1_ran,Vikas,NA,5802.663876,8.992648926,86.20748669
MS10S3007-019,C1,ran,C1_ran,Vikas,NA,5008.433261,13.16891997,79.91341109
MS10S3008-016,C1,ran,C1_ran,Vikas,NA,5259.185299,16.03015186,89.21957863
MS10S3008-018,C1,ran,C1_ran,Vikas,NA,4987.386074,15.41771048,86.12798671
MS10S3009-001,C1,ran,C1_ran,Vikas,NA,5408.238092,14.45784541,80.60312013
MS10S3009-003,C1,ran,C1_ran,Vikas,NA,5638.20929,15.85424286,84.69635237
MS10S3009-006,C1,ran,C1_ran,Vikas,NA,4956.38448,14.24700534,81.26032045
MS10S3009-009,C1,ran,C1_ran,Vikas,NA,5416.372752,11.02943078,81.86074102
MS10S3009-010,C1,ran,C1_ran,Vikas,NA,5161.327115,14.02399593,82.66376869
MS10S3009-011,C1,ran,C1_ran,Vikas,NA,4971.155915,15.08227214,88.47408042
MS10S3009-014,C1,ran,C1_ran,Vikas,NA,6008.971685,13.75208129,84.44956659
MS10S3009-019,C1,ran,C1_ran,Vikas,NA,5178.585199,11.67064874,85.90180443
MS10S3009-021,C1,ran,C1_ran,Vikas,NA,5532.153057,11.53343915,83.9870492
MS10S3012-004,C1,ran,C1_ran,Vikas,NA,5401.830191,10.42819405,79.62074075
MS10S3012-005,C1,ran,C1_ran,Vikas,NA,6122.106357,11.82406273,79.64824296
MS10S3012-007,C1,ran,C1_ran,Vikas,NA,4888.441015,12.62318892,81.08730579
MS10S3012-008,C1,ran,C1_ran,Vikas,NA,5988.178526,10.76240715,83.78678108
MS10S3012-009,C1,ran,C1_ran,Vikas,NA,5880.09421,14.20802522,75.95408634
MS10S3012-012,C1,ran,C1_ran,Vikas,NA,5676.268604,11.89962534,82.29982828
MS10S3012-013,C1,ran,C1_ran,Vikas,NA,5643.803579,13.33824289,79.47047395
MS10S3012-015,C1,ran,C1_ran,Vikas,NA,5128.941506,10.60499581,77.05480576
MS10S3012-018,C1,ran,C1_ran,Vikas,NA,6141.791025,10.09253554,79.52965526
MS10S3013-002,C1,ran,C1_ran,Vikas,NA,5377.690053,9.87442729,85.4495033
MS10S3013-003,C1,ran,C1_ran,Vikas,NA,5107.827709,11.91598638,80.37188011
MS10S3013-011,C1,ran,C1_ran,Vikas,NA,5051.172613,12.814859,81.09562273
MS10S3013-012,C1,ran,C1_ran,Vikas,NA,4911.814645,13.05477046,83.5822055
MS10S3013-013,C1,ran,C1_ran,Vikas,NA,5125.739544,11.43095673,81.82577453
MS10S3013-016,C1,ran,C1_ran,Vikas,NA,4932.433892,11.30419202,85.67739182
MS10S3013-022,C1,ran,C1_ran,Vikas,NA,5721.724627,10.27401673,80.11081908
MS10S3013-024,C1,ran,C1_ran,Vikas,NA,5313.881231,10.16171234,85.70626525
MS10S3014-001,C1,ran,C1_ran,Vikas,NA,4747.187333,10.65519,81.4150839
MS10S3014-002,C1,ran,C1_ran,Vikas,NA,4758.441352,10.17640636,95.94556789
MS10S3014-009,C1,ran,C1_ran,Vikas,NA,4923.540789,13.37369512,92.57351242
MS10S3014-010,C1,ran,C1_ran,Vikas,NA,5156.753778,9.861305605,86.60314843
MS10S3014-013,C1,ran,C1_ran,Vikas,NA,5472.990721,11.5067853,73.29881542
MS10S3014-017,C1,ran,C1_ran,Vikas,NA,5643.444391,12.69007016,79.52987656
MS10S3014-018,C1,ran,C1_ran,Vikas,NA,5294.735529,16.28988034,86.06054237
MS10S3014-020,C1,ran,C1_ran,Vikas,NA,5497.735087,13.34712924,90.97852322
MS10S3014-021,C1,ran,C1_ran,Vikas,NA,4842.37379,9.711691807,87.01246096
MS10S3015-003,C1,ran,C1_ran,Vikas,NA,4850.18529,14.65819865,79.32806682
MS10S3015-005,C1,ran,C1_ran,Vikas,NA,5487.631339,8.974515862,84.47047395
MS10S3015-008,C1,ran,C1_ran,Vikas,NA,4964.852281,14.12245433,85.27871647
MS10S3015-009,C1,ran,C1_ran,Vikas,NA,4816.308503,7.409302789,84.9534092
MS10S3015-010,C1,ran,C1_ran,Vikas,NA,4259.366331,13.89698066,84.62391752
MS10S3015-011,C1,ran,C1_ran,Vikas,NA,5314.460398,15.28617914,74.79265191
MS10S3015-017,C1,ran,C1_ran,Vikas,NA,4647.380184,8.477793487,80.21411234
MS10S3015-018,C1,ran,C1_ran,Vikas,NA,4133.485207,12.70795025,78.68108486
MS10S3015-019,C1,ran,C1_ran,Vikas,NA,4742.163905,13.00352828,79.01903635
MS10S3016-008,C1,ran,C1_ran,Vikas,NA,4670.95683,12.37149253,84.32307248
MS10S3016-009,C1,ran,C1_ran,Vikas,NA,4328.601122,9.979552881,81.35078058
MS10S3016-013,C1,ran,C1_ran,Vikas,NA,5339.636924,14.86917949,89.95428848
MS10S3016-014,C1,ran,C1_ran,Vikas,NA,5025.39425,10.20392389,80.22350013
MS10S3016-016,C1,ran,C1_ran,Vikas,NA,4346.470137,10.46631341,82.9921169
MS10S3016-017,C1,ran,C1_ran,Vikas,NA,5344.401092,20.41635493,94.51379876
MS10S3017-002,C1,ran,C1_ran,Vikas,NA,4872.427799,8.905128114,82.1365444
MS10S3017-003,C1,ran,C1_ran,Vikas,NA,5417.720642,13.5389633,80.96824245
MS10S3017-004,C1,ran,C1_ran,Vikas,NA,5057.447882,10.20196935,82.16218599
MS10S3017-006,C1,ran,C1_ran,Vikas,NA,4824.138277,16.53645149,88.05089507
MS10S3017-010,C1,ran,C1_ran,Vikas,NA,5429.916079,13.0099006,78.57496931
MS10S3017-013,C1,ran,C1_ran,Vikas,NA,5527.402016,9.887883026,85.13584297
MS10S3017-020,C1,ran,C1_ran,Vikas,NA,5786.990919,9.700108595,81.94865373
MS10S3018-003,C1,ran,C1_ran,Vikas,NA,5072.841286,15.37241572,90.28789365
MS10S3018-004,C1,ran,C1_ran,Vikas,NA,4726.503055,12.19156251,83.39448131
MS10S3018-009,C1,ran,C1_ran,Vikas,NA,5482.188358,9.067847858,94.71389104
MS10S3018-013,C1,ran,C1_ran,Vikas,NA,5502.544658,16.39392645,93.19035972
MS10S3018-017,C1,ran,C1_ran,Vikas,NA,5134.846921,13.00904647,92.39900343
MS10S3018-018,C1,ran,C1_ran,Vikas,NA,5236.395165,11.88901986,94.07749151
MS10S3018-019,C1,ran,C1_ran,Vikas,NA,4789.592004,14.04271982,81.67585124
MS10S3019-002,C1,ran,C1_ran,Vikas,NA,5119.486611,16.79116707,84.45427512
MS10S3019-003,C1,ran,C1_ran,Vikas,NA,5369.224809,10.13325146,72.54911579
MS10S3019-011,C1,ran,C1_ran,Vikas,NA,5319.203485,11.88754317,85.07284623
MS10S3019-012,C1,ran,C1_ran,Vikas,NA,5388.689615,11.03035657,74.13782423
MS10S3019-015,C1,ran,C1_ran,Vikas,NA,4567.289019,9.961817092,97.43296054
MS10S3019-016,C1,ran,C1_ran,Vikas,NA,5167.087952,11.97660789,77.46732391
MS10S3021-002,C1,ran,C1_ran,Vikas,NA,5399.57894,11.00317665,85.77973949
MS10S3021-005,C1,ran,C1_ran,Vikas,NA,5343.428601,9.830164653,82.55977018
MS10S3021-008,C1,ran,C1_ran,Vikas,NA,5128.393801,10.52173031,80.7458634
MS10S3021-015,C1,ran,C1_ran,Vikas,NA,4619.879323,10.2681774,91.30838539
MS10S3021-016,C1,ran,C1_ran,Vikas,NA,5194.881227,10.3521487,84.3300849
MS10S3021-017,C1,ran,C1_ran,Vikas,NA,5234.009626,9.873799407,83.37381573
MS10S3021-021,C1,ran,C1_ran,Vikas,NA,4958.054603,9.643844607,83.87652761
MS10S3022-001,C1,ran,C1_ran,Vikas,NA,4805.956052,13.62341465,83.99267959
MS10S3022-003,C1,ran,C1_ran,Vikas,NA,4861.214416,12.58552332,88.02304295
MS10S3022-004,C1,ran,C1_ran,Vikas,NA,5570.163693,12.33787951,81.78681478
MS10S3022-005,C1,ran,C1_ran,Vikas,NA,5939.547158,16.57020891,83.97347883
MS10S3022-007,C1,ran,C1_ran,Vikas,NA,4762.773231,14.30383258,85.47788601
MS10S3022-010,C1,ran,C1_ran,Vikas,NA,5464.692419,14.43465582,88.18580046
MS10S3022-011,C1,ran,C1_ran,Vikas,NA,5767.063887,16.89441671,84.68847815
MS10S3022-016,C1,ran,C1_ran,Vikas,NA,3860.321219,12.87945021,88.49269324
MS10S3024-003,C1,ran,C1_ran,Vikas,NA,5404.131479,16.10083381,83.04299324
MS10S3024-005,C1,ran,C1_ran,Vikas,NA,4597.493095,19.83697242,82.75080951
MS10S3024-013,C1,ran,C1_ran,Vikas,NA,4975.035866,20.04346588,78.93381488
MS10S3024-014,C1,ran,C1_ran,Vikas,NA,5423.547242,15.06621032,75.60006885
MS10S3024-015,C1,ran,C1_ran,Vikas,NA,4540.859722,14.1690566,85.92266782
MS10S3024-016,C1,ran,C1_ran,Vikas,NA,5302.71641,16.35916365,83.88275245
MS10S3024-017,C1,ran,C1_ran,Vikas,NA,5125.597344,14.97315163,88.24634552
MS10S3025-001,C1,ran,C1_ran,Vikas,NA,5354.468392,15.04484183,87.12658146
MS10S3025-004,C1,ran,C1_ran,Vikas,NA,5206.305223,7.959919401,78.24231382
MS10S3025-006,C1,ran,C1_ran,Vikas,NA,5577.22589,14.35278654,87.24129117
MS10S3025-008,C1,ran,C1_ran,Vikas,NA,5525.113521,16.65585548,89.87253808
MS10S3025-011,C1,ran,C1_ran,Vikas,NA,5825.159001,15.92332639,80.47461493
MS10S3025-013,C1,ran,C1_ran,Vikas,NA,6164.481135,11.26609098,81.89346467
MS10S3025-016,C1,ran,C1_ran,Vikas,NA,5385.055271,13.36284336,92.35771162
MS10S3025-019,C1,ran,C1_ran,Vikas,NA,5458.847732,13.8998555,86.62496865
MS10S3037-002,C1,ran,C1_ran,Vikas,NA,5168.728434,7.576506145,81.85756825
MS10S3037-003,C1,ran,C1_ran,Vikas,NA,4823.450362,19.58088006,78.61294291
MS10S3037-006,C1,ran,C1_ran,Vikas,NA,4321.745136,11.43224178,85.09633015
MS10S3037-009,C1,ran,C1_ran,Vikas,NA,5083.018666,10.09101558,86.98013005
MS10S3037-012,C1,ran,C1_ran,Vikas,NA,5946.872139,11.24028471,86.66434908
MS10S3037-014,C1,ran,C1_ran,Vikas,NA,4827.472439,11.1833419,84.55502667
MS10S3037-015,C1,ran,C1_ran,Vikas,NA,5901.932489,10.27196726,84.250908
MS10S3037-016,C1,ran,C1_ran,Vikas,NA,4894.790153,10.03812365,81.84770559
MS10S3037-017,C1,ran,C1_ran,Vikas,NA,5084.245337,8.965057012,86.67882545
MS10S3037-019,C1,ran,C1_ran,Vikas,NA,5561.600387,12.80273509,82.92375682
MS10S3038-002,C1,ran,C1_ran,Vikas,NA,5456.284343,10.35079464,82.13911262
MS10S3038-004,C1,ran,C1_ran,Vikas,NA,5508.463042,16.54602559,78.51295316
MS10S3038-005,C1,ran,C1_ran,Vikas,NA,5514.528703,13.6909478,97.06650611
MS10S3038-007,C1,ran,C1_ran,Vikas,NA,5256.382853,16.72552844,93.95327682
MS10S3038-008,C1,ran,C1_ran,Vikas,NA,4791.057378,15.35083327,91.54339411
MS10S3038-013,C1,ran,C1_ran,Vikas,NA,6084.61311,12.05638294,85.68424286
MS10S3038-014,C1,ran,C1_ran,Vikas,NA,5657.196859,15.71961246,92.54228154
MS10S3038-016,C1,ran,C1_ran,Vikas,NA,5231.029275,18.26373027,94.77405191
MS10S3038-019,C1,ran,C1_ran,Vikas,NA,5669.161029,8.255478693,84.10237683
MS10S3038-022,C1,ran,C1_ran,Vikas,NA,5093.496441,11.52104074,90.12147071
MS10S3039-001,C1,ran,C1_ran,Vikas,NA,5191.136646,10.62498261,81.59195471
MS10S3039-007,C1,ran,C1_ran,Vikas,NA,4737.192819,12.39364749,85.76440609
MS10S3039-008,C1,ran,C1_ran,Vikas,NA,5544.317728,13.02611902,80.60801158
MS10S3039-011,C1,ran,C1_ran,Vikas,NA,4320.296467,10.86826736,80.18257125
MS10S3039-015,C1,ran,C1_ran,Vikas,NA,4618.641879,11.11512236,81.18768759
MS10S3039-016,C1,ran,C1_ran,Vikas,NA,4425.870783,13.110427,78.36911928
MS10S3039-024,C1,ran,C1_ran,Vikas,NA,5637.450461,11.87080437,84.97173944
MS10S3040-003,C1,ran,C1_ran,Vikas,NA,4909.927174,14.85717333,81.29251532
MS10S3040-006,C1,ran,C1_ran,Vikas,NA,5775.094171,11.76616275,82.2634567
MS10S3040-012,C1,ran,C1_ran,Vikas,NA,4525.58512,11.96394608,82.08661609
MS10S3040-014,C1,ran,C1_ran,Vikas,NA,5967.089717,16.08305985,91.21750146
MS10S3040-015,C1,ran,C1_ran,Vikas,NA,5472.582641,13.45671252,79.07731565
MS10S3040-016,C1,ran,C1_ran,Vikas,NA,4951.950577,7.848007829,84.17438759
MS10S3040-018,C1,ran,C1_ran,Vikas,NA,5536.356628,8.760174966,81.28595464
MS10S3041-008,C1,ran,C1_ran,Vikas,NA,5239.007203,9.149915892,82.86526938
MS10S3041-009,C1,ran,C1_ran,Vikas,NA,5565.34658,13.97178279,79.14405893
MS10S3041-012,C1,ran,C1_ran,Vikas,NA,5516.647336,9.711965925,85.6846474
MS10S3041-013,C1,ran,C1_ran,Vikas,NA,5182.096451,12.78896112,76.54600539
MS10S3041-019,C1,ran,C1_ran,Vikas,NA,5404.737143,8.433331152,86.9537683
MS10S3041-020,C1,ran,C1_ran,Vikas,NA,5478.622826,16.49473192,77.97899795
MS10S3042-002,C1,ran,C1_ran,Vikas,NA,4714.86763,10.50828524,82.51550447
MS10S3042-006,C1,ran,C1_ran,Vikas,NA,5551.663053,11.44198062,88.09684715
MS10S3042-007,C1,ran,C1_ran,Vikas,NA,5407.785331,13.31385288,85.678905
MS10S3042-009,C1,ran,C1_ran,Vikas,NA,5494.445059,10.85450309,84.07401707
MS10S3042-013,C1,ran,C1_ran,Vikas,NA,5261.607769,8.748433397,84.68397411
MS10S3042-015,C1,ran,C1_ran,Vikas,NA,5705.474519,15.59055925,86.97437289
MS10S3042-016,C1,ran,C1_ran,Vikas,NA,5634.760579,17.79909383,92.09136912
MS10S3042-020,C1,ran,C1_ran,Vikas,NA,5114.376389,15.62445085,85.06321092
MS10S3043-003,C1,ran,C1_ran,Vikas,NA,5527.283243,16.98967967,79.17370492
MS10S3043-006,C1,ran,C1_ran,Vikas,NA,5525.719914,17.89902949,89.8451834
MS10S3043-010,C1,ran,C1_ran,Vikas,NA,4927.6341,18.45685339,82.88227033
MS10S3043-012,C1,ran,C1_ran,Vikas,NA,5267.31314,21.75168793,86.3691099
MS10S3043-014,C1,ran,C1_ran,Vikas,NA,5880.04141,16.71082439,84.87118408
MS10S3043-017,C1,ran,C1_ran,Vikas,NA,4577.318188,18.49399301,91.11222122
MS10S3044-002,C1,ran,C1_ran,Vikas,NA,5051.914326,10.84609492,86.17081027
MS10S3044-006,C1,ran,C1_ran,Vikas,NA,5494.192031,12.19757045,87.05973309
MS10S3044-009,C1,ran,C1_ran,Vikas,NA,5578.287666,13.08456433,84.46864372
MS10S3044-010,C1,ran,C1_ran,Vikas,NA,5360.525795,16.55410972,80.07748412
MS10S3044-020,C1,ran,C1_ran,Vikas,NA,5695.255389,20.65911032,86.89052756
MS10S3044-021,C1,ran,C1_ran,Vikas,NA,5439.880849,15.92381737,84.37823584
MS10S3044-022,C1,ran,C1_ran,Vikas,NA,5237.953435,22.97691506,82.25416969
MS10S3045-002,C1,ran,C1_ran,Vikas,NA,5513.732541,12.02127735,85.13870751
MS10S3045-006,C1,ran,C1_ran,Vikas,NA,5006.850264,17.97571163,86.10408758
MS10S3045-007,C1,ran,C1_ran,Vikas,NA,4748.92666,14.25304297,81.58623879
MS10S3045-009,C1,ran,C1_ran,Vikas,NA,5378.390425,18.85367998,83.89154537
MS10S3045-013,C1,ran,C1_ran,Vikas,NA,4635.996681,15.30979706,77.32653198
MS10S3045-015,C1,ran,C1_ran,Vikas,NA,5103.954618,19.16342777,85.98012856
MS10S3045-018,C1,ran,C1_ran,Vikas,NA,5437.788059,12.21627414,85.36032312
MS10S3045-024,C1,ran,C1_ran,Vikas,NA,5266.491037,13.24363352,88.20598552
MS10S3046-002,C1,ran,C1_ran,Vikas,NA,5435.176522,11.20831759,74.50904329
MS10S3046-003,C1,ran,C1_ran,Vikas,NA,5815.993971,14.25820598,87.89923479
MS10S3046-008,C1,ran,C1_ran,Vikas,NA,6096.972599,9.970693793,81.60960106
MS10S3046-011,C1,ran,C1_ran,Vikas,NA,5213.759794,12.55871161,83.27410475
MS10S3046-013,C1,ran,C1_ran,Vikas,NA,5177.80608,8.801325672,84.91614443
MS10S3046-014,C1,ran,C1_ran,Vikas,NA,4865.909583,5.081147463,77.77868436
MS10S3046-015,C1,ran,C1_ran,Vikas,NA,5133.459518,12.17538354,75.79031296
MS10S3046-020,C1,ran,C1_ran,Vikas,NA,5717.189678,12.22764048,79.17222393
