Line,Cycle,Type,NC,SY,NS,DE
6B03-4304,C0,NA,63277,17717,14114,188
6B03-4478,C0,NA,63800,17691,14095,202
6B04-0290,C0,NA,63278,17591,13966,172
6B05-0922,C0,NA,63587,17532,13915,241
6B06-1132,C0,NA,63568,17776,14133,208
FEG141-20,C0,NA,63868,17551,13864,226
FEG153-58,C0,NA,63009,17263,13487,223
FEG154-47,C0,NA,63652,17620,13837,217
FEG175-57,C0,NA,62137,17392,13617,206
M122,C0,NA,59288,16306,12769,187
MS10S3001-019,C1,Ran,53190,14616,11773,149
MS10S3002-005,C1,Ran,58790,16179,12822,182
MS10S3002-006,C1,Ran,60063,16477,13145,194
MS10S3002-008,C1,Ran,57850,16031,12734,165
MS10S3002-010,C1,Ran,57295,15673,12362,174
MS10S3002-012,C1,Sel,59275,16307,12900,183
MS10S3002-014,C1,Ran,58744,16158,12718,182
MS10S3002-015,C1,Ran,58204,15881,12603,187
MS10S3002-017,C1,Ran,59926,16359,12849,194
MS10S3002-018,C1,Ran,62892,17186,13584,216
MS10S3002-020,C1,Ran,59217,16221,12819,192
MS10S3002-021,C1,Ran,58691,16242,12851,168
MS10S3002-024,C1,Ran,61885,17036,13474,203
MS10S3003-002,C1,Ran,60523,16506,13011,196
MS10S3003-003,C1,Ran,60977,16649,13159,186
MS10S3003-004,C1,Ran,60954,16688,13256,213
MS10S3003-007,C1,Ran,61118,16555,13078,201
MS10S3003-009,C1,Ran,61479,16847,13411,198
MS10S3003-010,C1,Ran,61258,16708,13292,216
MS10S3003-011,C1,Ran,61687,16755,13267,212
MS10S3003-012,C1,Ran,61562,16827,13284,193
MS10S3003-013,C1,Ran,60707,16668,13243,199
MS10S3003-017,C1,Ran,61993,16878,13267,206
MS10S3004-001,C1,Sel,60672,16664,13161,206
MS10S3004-002,C1,Sel,62325,17212,13597,207
MS10S3004-003,C1,Ran,60418,16607,13254,208
MS10S3004-006,C1,Ran,60880,16838,13380,202
MS10S3004-008,C1,Ran,61107,16883,13374,203
MS10S3004-011,C1,Ran,58828,16306,12869,186
MS10S3004-013,C1,Sel,61463,17040,13500,218
MS10S3004-014,C1,Ran,62834,17435,13950,224
MS10S3004-016,C1,Sel,60309,16698,13217,214
MS10S3004-017,C1,Ran,64358,17632,14027,228
MS10S3004-018,C1,Ran,62239,17018,13466,233
MS10S3004-019,C1,Ran,61302,16955,13416,211
MS10S3004-020,C1,Ran,59683,16494,13064,204
MS10S3004-024,C1,Ran,60528,16763,13308,210
MS10S3005-003,C1,Ran,59750,16560,13151,181
MS10S3005-005,C1,Sel,60797,16870,13356,202
MS10S3005-006,C1,Sel,62640,17300,13676,210
MS10S3005-007,C1,Ran,61413,16962,13377,210
MS10S3005-011,C1,Ran,61541,17049,13487,207
MS10S3005-012,C1,Ran,60918,16931,13444,195
MS10S3005-014,C1,Ran,62060,17092,13478,214
MS10S3005-015,C1,Ran,59979,16539,13109,194
MS10S3005-016,C1,Ran,61507,16976,13400,211
MS10S3005-019,C1,Ran,60451,16705,13208,193
MS10S3005-020,C1,Ran,59235,16528,12984,189
MS10S3005-022,C1,Ran,61994,17142,13542,212
MS10S3007-001,C1,Ran,64823,17900,14022,231
MS10S3007-002,C1,Ran,61731,17025,13436,208
MS10S3007-003,C1,Ran,65183,17675,13957,261
MS10S3007-004,C1,Ran,64138,17468,13776,231
MS10S3007-005,C1,Sel,63394,17263,13606,210
MS10S3007-011,C1,Ran,64224,17723,13986,246
MS10S3007-012,C1,Ran,64158,17548,13918,241
MS10S3007-013,C1,Ran,63386,17239,13659,227
MS10S3007-014,C1,Sel,63593,17669,13894,217
MS10S3007-016,C1,Ran,65469,17885,14163,261
MS10S3007-019,C1,Ran,62794,17117,13581,238
MS10S3007-024,C1,Sel,64376,17728,14038,247
MS10S3008-001,C1,Sel,63865,17511,14019,226
MS10S3008-002,C1,Sel,63734,17345,13839,251
MS10S3008-003,C1,Sel,64382,17622,14112,260
MS10S3008-004,C1,Ran,61676,16934,13509,211
MS10S3008-005,C1,Ran,63604,17408,13902,220
MS10S3008-007,C1,Ran,64538,17574,14112,259
MS10S3008-009,C1,Ran,64213,17693,14048,230
MS10S3008-010,C1,Ran,64403,17511,13977,251
MS10S3008-011,C1,Ran,64377,17464,13947,254
MS10S3008-012,C1,Ran,65288,17692,14232,270
MS10S3008-014,C1,Ran,63398,17444,13827,204
MS10S3008-016,C1,Ran,62442,17083,13592,225
MS10S3008-018,C1,Ran,65147,17743,14232,271
MS10S3009-001,C1,Ran,63140,17491,13756,212
MS10S3009-003,C1,Ran,63458,17569,13762,214
MS10S3009-006,C1,Ran,63733,17653,13792,223
MS10S3009-009,C1,Ran,64144,17816,14067,209
MS10S3009-010,C1,Ran,63722,17563,13898,200
MS10S3009-011,C1,Ran,61762,17079,13483,209
MS10S3009-014,C1,Ran,62947,17334,13652,225
MS10S3009-019,C1,Ran,62172,17223,13559,209
MS10S3009-021,C1,Ran,63594,17459,13766,237
MS10S3009-022,C1,Ran,62088,17322,13656,200
MS10S3012-004,C1,Ran,63486,17539,13908,205
MS10S3012-005,C1,Ran,63815,17639,13921,208
MS10S3012-007,C1,Ran,62175,17110,13513,189
MS10S3012-008,C1,Ran,64308,17505,13842,234
MS10S3012-009,C1,Ran,62129,17044,13447,207
MS10S3012-012,C1,Ran,63927,17506,13773,231
MS10S3012-013,C1,Ran,64184,17793,14043,203
MS10S3012-015,C1,Ran,61604,16828,13247,194
MS10S3012-018,C1,Ran,63798,17390,13748,231
MS10S3012-020,C1,Ran,62696,17161,13490,211
MS10S3013-001,C1,Sel,63761,17478,14007,242
MS10S3013-002,C1,Ran,63038,17255,13721,216
MS10S3013-003,C1,Ran,62682,17121,13679,233
MS10S3013-004,C1,Sel,64708,17812,14299,266
MS10S3013-006,C1,Sel,63641,17345,13817,218
MS10S3013-007,C1,Sel,63975,17662,14208,241
MS10S3013-009,C1,Sel,64223,17564,13937,236
MS10S3013-011,C1,Ran,64163,17553,14035,247
MS10S3013-012,C1,Ran,63529,17494,14003,241
MS10S3013-013,C1,Ran,61685,16900,13469,219
MS10S3013-016,C1,Ran,63196,17418,13972,225
MS10S3013-019,C1,Sel,63799,17533,13994,245
MS10S3013-020,C1,Ran,65320,17721,14152,239
MS10S3013-021,C1,Sel,63428,17255,13769,253
MS10S3013-022,C1,Ran,63810,17449,13954,232
MS10S3013-023,C1,Sel,63443,17333,13878,229
MS10S3013-024,C1,Ran,64100,17438,13919,248
MS10S3014-001,C1,Ran,60087,16483,13189,239
MS10S3014-002,C1,Ran,58820,15810,12718,252
MS10S3014-007,C1,Sel,61433,16644,13419,243
MS10S3014-009,C1,Ran,61231,16640,13241,236
MS10S3014-010,C1,Ran,61145,16652,13388,251
MS10S3014-013,C1,Ran,61303,16917,13535,248
MS10S3014-014,C1,Sel,61505,16490,13245,258
MS10S3014-017,C1,Ran,60892,16652,13368,231
MS10S3014-018,C1,Ran,60351,16586,13220,227
MS10S3014-019,C1,Ran,60413,16495,13315,265
MS10S3014-020,C1,Ran,62277,17001,13590,255
MS10S3014-021,C1,Ran,61941,16812,13394,242
MS10S3015-002,C1,Sel,61119,16490,13113,217
MS10S3015-003,C1,Ran,61488,16831,13333,220
MS10S3015-004,C1,Sel,62079,16777,13429,215
MS10S3015-005,C1,Ran,61417,16753,13374,217
MS10S3015-007,C1,Ran,62570,16938,13373,229
MS10S3015-008,C1,Ran,63005,17139,13708,217
MS10S3015-009,C1,Ran,61825,16899,13425,213
MS10S3015-010,C1,Ran,62357,17214,13732,220
MS10S3015-011,C1,Ran,63386,17108,13709,225
MS10S3015-017,C1,Ran,63420,17427,13921,229
MS10S3015-018,C1,Ran,63672,17294,13801,238
MS10S3015-019,C1,Ran,62012,16911,13362,228
MS10S3016-003,C1,Ran,55316,15296,12129,189
MS10S3016-004,C1,Ran,58414,16152,12920,208
MS10S3016-006,C1,Ran,57805,15796,12508,211
MS10S3016-008,C1,Ran,60420,16435,13036,249
MS10S3016-009,C1,Ran,57341,15824,12557,200
MS10S3016-011,C1,Ran,57448,15708,12530,213
MS10S3016-013,C1,Ran,57278,15734,12414,198
MS10S3016-014,C1,Ran,56969,15821,12585,212
MS10S3016-016,C1,Ran,57042,15767,12522,201
MS10S3016-017,C1,Ran,57873,15715,12672,217
MS10S3017-001,C1,Ran,61496,16731,13533,238
MS10S3017-002,C1,Ran,60369,16499,13453,249
MS10S3017-003,C1,Ran,60275,16239,12974,249
MS10S3017-004,C1,Ran,63191,17260,13943,260
MS10S3017-006,C1,Ran,59667,16279,13018,224
MS10S3017-010,C1,Ran,61084,16477,13116,230
MS10S3017-012,C1,Ran,64848,17607,14295,249
MS10S3017-013,C1,Ran,64525,17533,13969,254
MS10S3017-015,C1,Ran,63189,17168,13725,271
MS10S3017-020,C1,Ran,61665,17072,13693,230
MS10S3018-003,C1,Ran,64073,17631,14111,252
MS10S3018-004,C1,Ran,61952,17025,13672,227
MS10S3018-007,C1,Ran,63803,17274,13900,256
MS10S3018-009,C1,Ran,64235,17427,14020,267
MS10S3018-010,C1,Sel,62561,17008,13717,259
MS10S3018-013,C1,Ran,64113,17478,14087,250
MS10S3018-015,C1,Sel,61512,16816,13483,246
MS10S3018-016,C1,Ran,63131,17099,13763,249
MS10S3018-017,C1,Ran,61892,16982,13631,223
MS10S3018-018,C1,Ran,64388,17379,13945,271
MS10S3018-019,C1,Ran,62853,17226,13793,223
MS10S3018-020,C1,Ran,63712,17422,13926,242
MS10S3019-002,C1,Ran,61996,16992,13369,242
MS10S3019-003,C1,Ran,62633,17204,13885,227
MS10S3019-004,C1,Ran,62810,17157,13633,230
MS10S3019-005,C1,Ran,60029,16353,12980,223
MS10S3019-011,C1,Ran,63001,17219,13835,261
MS10S3019-012,C1,Ran,61640,16835,13354,208
MS10S3019-013,C1,Ran,64384,17486,13941,266
MS10S3019-014,C1,Sel,63486,17295,13752,277
MS10S3019-015,C1,Ran,59725,16484,13192,239
MS10S3019-016,C1,Ran,61883,16811,13503,230
MS10S3019-017,C1,Ran,62282,17103,13614,265
MS10S3019-023,C1,Sel,62802,17144,13738,223
MS10S3021-002,C1,Ran,62630,17368,13755,210
MS10S3021-003,C1,Ran,62509,17051,13471,223
MS10S3021-005,C1,Ran,63728,17493,13753,233
MS10S3021-008,C1,Ran,62917,17056,13554,224
MS10S3021-009,C1,Sel,61537,16977,13423,220
MS10S3021-013,C1,Ran,62108,17064,13581,215
MS10S3021-015,C1,Ran,62704,17006,13505,229
MS10S3021-016,C1,Ran,62393,17293,13661,220
MS10S3021-017,C1,Ran,61755,16783,13335,216
MS10S3021-019,C1,Ran,64266,17669,14085,214
MS10S3021-021,C1,Ran,62983,17269,13756,216
MS10S3022-001,C1,Ran,63084,17324,13832,216
MS10S3022-003,C1,Ran,63254,17341,13778,217
MS10S3022-004,C1,Ran,62699,17218,13669,210
MS10S3022-005,C1,Ran,62630,17166,13714,207
MS10S3022-007,C1,Ran,60705,16913,13469,214
MS10S3022-010,C1,Ran,62823,17090,13658,232
MS10S3022-011,C1,Ran,60638,16816,13424,208
MS10S3022-016,C1,Ran,62014,17065,13526,213
MS10S3022-019,C1,Ran,61022,16827,13457,216
MS10S3022-020,C1,Ran,62724,17216,13806,219
MS10S3024-001,C1,Ran,61762,16850,13331,264
MS10S3024-003,C1,Ran,61236,16678,13222,243
MS10S3024-004,C1,Ran,62927,17097,13542,253
MS10S3024-005,C1,Ran,62575,17158,13475,226
MS10S3024-007,C1,Ran,63267,17751,13912,211
MS10S3024-013,C1,Ran,63192,17257,13684,248
MS10S3024-014,C1,Ran,59741,16501,13010,221
MS10S3024-015,C1,Ran,63518,17354,13697,249
MS10S3024-016,C1,Ran,63824,17465,13769,241
MS10S3024-017,C1,Ran,63452,17304,13810,247
MS10S3025-001,C1,Ran,62586,17176,13716,253
MS10S3025-003,C1,Ran,60997,16535,13164,243
MS10S3025-004,C1,Ran,64729,17838,14239,258
MS10S3025-006,C1,Ran,60989,16711,13461,235
MS10S3025-008,C1,Ran,59207,16139,12817,215
MS10S3025-011,C1,Ran,59972,16372,13136,234
MS10S3025-013,C1,Ran,62018,16939,13555,254
MS10S3025-016,C1,Ran,61997,17043,13521,238
MS10S3025-017,C1,Ran,62932,16993,13544,266
MS10S3025-019,C1,Ran,61815,16885,13473,246
MS10S3031-012,C1,Sel,59058,16547,13102,167
MS10S3031-015,C1,Sel,59499,16562,13236,171
MS10S3031-016,C1,Sel,59101,16413,13196,170
MS10S3032-004,C1,Sel,62972,17384,13906,207
MS10S3032-006,C1,Sel,63049,17434,13805,231
MS10S3032-007,C1,Sel,64561,17867,14269,241
MS10S3032-008,C1,Sel,64195,17789,14373,207
MS10S3032-010,C1,Sel,64361,17720,14262,254
MS10S3032-012,C1,Sel,60374,16895,13466,188
MS10S3032-014,C1,Sel,63683,17609,14147,235
MS10S3032-015,C1,Sel,62756,17343,13935,222
MS10S3032-016,C1,Sel,64259,17686,14204,246
MS10S3032-018,C1,Sel,65557,17990,14419,252
MS10S3032-022,C1,Sel,63369,17652,14049,209
MS10S3034-002,C1,Sel,61585,16975,13568,208
MS10S3034-004,C1,Sel,64886,17638,14133,253
MS10S3034-014,C1,Sel,63262,17300,13904,208
MS10S3034-015,C1,Sel,62301,17187,13856,209
MS10S3034-019,C1,Sel,64549,17699,14158,221
MS10S3034-024,C1,Sel,64281,17680,14145,225
MS10S3036-009,C1,Sel,62389,17368,13852,204
MS10S3036-024,C1,Sel,63252,17447,14095,209
MS10S3037-002,C1,Ran,62731,16879,13456,283
MS10S3037-003,C1,Ran,61488,16500,13278,244
MS10S3037-006,C1,Ran,62338,16727,13466,256
MS10S3037-009,C1,Ran,61547,16858,13398,229
MS10S3037-012,C1,Ran,58827,15847,12680,224
MS10S3037-014,C1,Ran,62398,16822,13417,261
MS10S3037-015,C1,Ran,62420,16800,13616,266
MS10S3037-016,C1,Ran,61780,16611,13294,266
MS10S3037-017,C1,Ran,59942,16360,13066,224
MS10S3037-019,C1,Ran,60925,16305,13038,232
MS10S3038-002,C1,Ran,63471,17280,13806,239
MS10S3038-004,C1,Ran,63229,17081,13700,243
MS10S3038-005,C1,Ran,63650,17278,13855,263
MS10S3038-007,C1,Ran,62936,17253,13727,258
MS10S3038-008,C1,Ran,60918,16500,13238,234
MS10S3038-013,C1,Ran,63402,17327,13813,241
MS10S3038-014,C1,Ran,61545,16547,13193,260
MS10S3038-016,C1,Ran,63799,17224,13828,263
MS10S3038-019,C1,Ran,62547,17153,13578,221
MS10S3038-022,C1,Ran,62878,17151,13700,223
MS10S3039-001,C1,Ran,63556,17029,13624,257
MS10S3039-002,C1,Ran,63508,16958,13536,252
MS10S3039-007,C1,Ran,64257,17398,13934,250
MS10S3039-008,C1,Ran,63874,17198,13791,257
MS10S3039-011,C1,Ran,64602,17472,13910,249
MS10S3039-014,C1,Ran,63684,16974,13586,254
MS10S3039-015,C1,Ran,64002,17144,13694,248
MS10S3039-016,C1,Ran,64156,17333,13772,249
MS10S3039-017,C1,Ran,63444,17060,13669,254
MS10S3039-024,C1,Ran,64501,17182,13706,257
MS10S3040-003,C1,Ran,63169,17233,13786,226
MS10S3040-006,C1,Ran,63241,17348,13814,230
MS10S3040-008,C1,Ran,63455,17388,13897,231
MS10S3040-010,C1,Ran,62759,17135,13679,241
MS10S3040-012,C1,Ran,62669,16899,13480,230
MS10S3040-014,C1,Ran,61872,16718,13400,230
MS10S3040-015,C1,Ran,62930,17283,13766,216
MS10S3040-016,C1,Ran,63240,17164,13779,232
MS10S3040-018,C1,Ran,63885,17356,13795,242
MS10S3040-020,C1,Ran,63387,17402,13845,228
MS10S3041-002,C1,Ran,60559,16741,13357,213
MS10S3041-005,C1,Ran,63141,17405,13842,213
MS10S3041-007,C1,Ran,63295,17288,13759,235
MS10S3041-008,C1,Ran,60638,16602,13257,224
MS10S3041-009,C1,Ran,62624,17023,13643,270
MS10S3041-010,C1,Ran,60284,16418,13189,204
MS10S3041-012,C1,Ran,61030,16611,13300,226
MS10S3041-013,C1,Ran,61335,16759,13473,248
MS10S3041-019,C1,Ran,61080,16725,13298,221
MS10S3041-020,C1,Ran,62902,17308,13846,229
MS10S3042-002,C1,Ran,60006,16560,13271,189
MS10S3042-003,C1,Sel,60637,16675,13323,213
MS10S3042-006,C1,Ran,62000,16900,13621,229
MS10S3042-007,C1,Ran,62497,17014,13698,241
MS10S3042-009,C1,Ran,59690,16482,13265,199
MS10S3042-010,C1,Ran,62415,17028,13719,224
MS10S3042-013,C1,Ran,59166,16257,13072,213
MS10S3042-014,C1,Ran,61780,16883,13569,227
MS10S3042-015,C1,Ran,58811,16187,12967,209
MS10S3042-016,C1,Ran,63646,17366,13921,266
MS10S3042-020,C1,Ran,61609,17047,13697,215
MS10S3043-001,C1,Ran,64036,17641,14094,237
MS10S3043-003,C1,Ran,61613,17054,13651,208
MS10S3043-006,C1,Ran,61966,17244,13830,219
MS10S3043-008,C1,Ran,64309,17710,14141,254
MS10S3043-010,C1,Ran,64091,17708,14167,225
MS10S3043-012,C1,Ran,63363,17384,13827,238
MS10S3043-013,C1,Ran,63866,17692,14086,235
MS10S3043-014,C1,Ran,63561,17574,14021,231
MS10S3043-015,C1,Ran,60166,16769,13375,198
MS10S3043-017,C1,Ran,62859,17392,13789,220
MS10S3044-002,C1,Ran,62581,17316,13701,230
MS10S3044-005,C1,Ran,62657,17152,13596,239
MS10S3044-006,C1,Ran,62388,17273,13600,233
MS10S3044-008,C1,Sel,63144,17452,13787,214
MS10S3044-009,C1,Ran,61948,16964,13629,227
MS10S3044-010,C1,Ran,63563,17422,13798,239
MS10S3044-013,C1,Ran,63420,17377,13895,253
MS10S3044-018,C1,Ran,63339,17325,13649,239
MS10S3044-020,C1,Ran,61798,16933,13492,259
MS10S3044-021,C1,Ran,62094,17243,13764,227
MS10S3044-022,C1,Ran,63363,17387,13829,240
MS10S3045-002,C1,Ran,64304,17351,13744,253
MS10S3045-006,C1,Ran,64523,17422,13807,266
MS10S3045-007,C1,Ran,63455,17275,13692,243
MS10S3045-009,C1,Ran,64428,17422,13793,264
MS10S3045-010,C1,Ran,62029,16895,13350,252
MS10S3045-013,C1,Ran,64412,17416,13839,254
MS10S3045-015,C1,Ran,64532,17426,13815,275
MS10S3045-017,C1,Ran,64284,17376,13711,266
MS10S3045-018,C1,Ran,63769,17301,13760,261
MS10S3045-024,C1,Ran,63274,17161,13595,259
MS10S3046-002,C1,Ran,60957,16896,13346,240
MS10S3046-003,C1,Ran,63274,17254,13553,253
MS10S3046-004,C1,Sel,62437,17061,13436,251
MS10S3046-008,C1,Ran,62771,17197,13594,235
MS10S3046-011,C1,Ran,61701,16824,13250,247
MS10S3046-013,C1,Ran,62270,17039,13435,253
MS10S3046-014,C1,Ran,61927,16932,13398,232
MS10S3046-015,C1,Ran,61796,16865,13535,235
MS10S3046-016,C1,Ran,61819,16737,13357,217
MS10S3046-019,C1,Ran,63589,17054,13643,252
MS10S3046-020,C1,Ran,63155,16910,13430,246
MS10S3048-002,C1,Sel,63852,17481,13956,233
MS10S3050-024,C1,Sel,61994,17073,13509,235
MS10S3051-012,C1,Sel,61578,17015,13472,212
MS10S3051-023,C1,Sel,62115,17131,13687,222
MS10S3051-024,C1,Sel,62849,17253,13659,220
MS10S3052-009,C1,Sel,59513,16517,13194,216
MS10S3052-014,C1,Sel,63117,17259,13633,217
MS10S3052-020,C1,Sel,62353,17196,13651,232
MS10S3052-022,C1,Sel,61943,17035,13438,210
MS10S3053-010,C1,Sel,63135,17299,13843,218
MS10S3055-001,C1,Sel,63598,17416,13833,246
MS10S3055-010,C1,Sel,59436,16394,13117,203
MS10S3063-002,C1,Sel,63735,17540,13917,231
MS11S2004-001,C2,Ran,62316,17068,13483,212
MS11S2004-003,C2,Ran,63288,17164,13513,213
MS11S2004-006,C2,Ran,62908,17236,13620,218
MS11S2005-006,C2,Ran,60901,16442,13116,233
MS11S2005-015,C2,Ran,61265,16695,13087,219
MS11S2005-020,C2,Ran,58993,16148,13087,211
MS11S2006-004,C2,Ran,61137,16682,13245,202
MS11S2007-002,C2,Ran,58678,15997,12722,200
MS11S2007-008,C2,Sel,57956,15533,12366,216
MS11S2007-012,C2,Sel,60756,16404,13264,223
MS11S2007-018,C2,Ran,60733,16387,13015,245
MS11S2007-023,C2,Sel,60645,16587,13118,238
MS11S2011-008,C2,Ran,62582,17191,13602,215
MS11S2013-007,C2,Ran,63079,17295,13738,212
MS11S2013-021,C2,Ran,63310,17386,13787,215
MS11S2014-023,C2,Sel,62145,16839,13432,243
MS11S2015-019,C2,Ran,64078,17388,14016,247
MS11S2016-001,C2,Sel,61988,16796,13457,247
MS11S2016-008,C2,Ran,54603,15003,12129,194
MS11S2016-011,C2,Ran,62283,16870,13610,249
MS11S2016-014,C2,Sel,61865,16697,13424,237
MS11S2016-015,C2,Sel,56999,15471,12548,208
MS11S2016-016,C2,Sel,62322,16853,13523,252
MS11S2016-020,C2,Ran,62044,16844,13510,237
MS11S2016-021,C2,Sel,61854,16800,13423,243
MS11S2020-008,C2,Ran,60616,16570,13175,230
MS11S2020-017,C2,Ran,60610,16767,13308,216
MS11S2020-020,C2,Sel,60827,16455,13234,253
MS11S2021-003,C2,Sel,56955,15817,12623,197
MS11S2021-008,C2,Sel,60742,16671,13284,245
MS11S2021-015,C2,Ran,59019,16373,12995,197
MS11S2021-017,C2,Ran,57882,16087,12914,214
MS11S2021-020,C2,Ran,59316,16212,12900,202
MS11S2021-024,C2,Sel,60624,16828,13367,244
MS11S2022-005,C2,Ran,58878,16032,12695,250
MS11S2022-012,C2,Ran,60108,16421,13168,202
MS11S2022-013,C2,Ran,58141,15870,12680,223
MS11S2022-014,C2,Ran,58424,15975,12609,222
MS11S2024-006,C2,Sel,55668,15353,12116,188
MS11S2024-008,C2,Sel,59366,16453,13012,226
MS11S2024-013,C2,Sel,60098,16587,13109,239
MS11S2024-015,C2,Sel,53247,14561,11573,189
MS11S2024-019,C2,Sel,59845,16443,13043,223
MS11S2024-021,C2,Sel,58240,16104,12801,227
MS11S2024-022,C2,Sel,59024,16299,12859,226
MS11S2024-023,C2,Sel,56532,15812,12539,213
MS11S2024-024,C2,Sel,56225,15459,12166,203
MS11S2025-009,C2,Ran,61088,16790,13446,193
MS11S2025-018,C2,Ran,59864,16694,13215,202
MS11S2025-021,C2,Sel,59769,16615,13120,186
MS11S2026-001,C2,Sel,62041,16933,13421,214
MS11S2026-006,C2,Sel,59313,16385,13112,199
MS11S2026-007,C2,Ran,61313,17013,13589,201
MS11S2026-019,C2,Sel,60567,16569,13145,193
MS11S2026-020,C2,Sel,62041,16963,13542,234
MS11S2027-001,C2,Ran,59826,16472,13093,209
MS11S2027-008,C2,Ran,58291,16005,12789,212
MS11S2027-013,C2,Ran,58768,16183,12888,228
MS11S2028-003,C2,Ran,61626,16859,13563,216
MS11S2028-017,C2,Sel,61456,16807,13504,233
MS11S2029-008,C2,Ran,57987,16243,13054,203
MS11S2029-010,C2,Ran,57495,15899,12994,185
MS11S2029-011,C2,Sel,58946,16228,13095,194
MS11S2029-012,C2,Sel,58265,16067,12942,208
MS11S2029-014,C2,Sel,59430,16685,13368,212
MS11S2029-015,C2,Sel,62034,17022,13610,253
MS11S2029-017,C2,Sel,60924,16734,13397,246
MS11S2029-018,C2,Sel,61715,17030,13620,263
MS11S2029-019,C2,Sel,60391,16514,13418,218
MS11S2029-021,C2,Ran,59294,16270,13114,217
MS11S2029-023,C2,Ran,59924,16468,13180,221
MS11S2029-024,C2,Sel,60106,16396,13223,225
MS11S2030-002,C2,Ran,58929,16254,12970,246
MS11S2030-005,C2,Ran,59776,16456,13139,230
MS11S2030-006,C2,Sel,62472,17148,13774,257
MS11S2031-023,C2,Sel,60445,16576,13196,226
MS11S2033-020,C2,Ran,58209,16092,12746,215
MS11S2033-024,C2,Sel,61339,17000,13412,218
MS11S2034-002,C2,Ran,61967,16940,13416,224
MS11S2034-010,C2,Ran,58567,16198,12898,205
MS11S2036-009,C2,Ran,63843,17380,13858,259
MS11S2036-015,C2,Ran,60962,16680,13254,209
MS11S2036-017,C2,Ran,63093,17273,13601,256
MS11S2036-019,C2,Sel,63285,17349,13685,245
MS11S2036-023,C2,Ran,63437,17342,13645,249
MS11S2037-011,C2,Ran,62206,16975,13475,215
MS11S2037-022,C2,Ran,58885,16017,12818,191
MS11S2038-011,C2,Ran,60929,16551,13302,189
MS11S2038-016,C2,Ran,60642,16874,13376,201
MS11S2040-020,C2,Sel,60336,16591,13263,221
MS11S2041-015,C2,Ran,62464,16991,13529,232
MS11S2041-017,C2,Ran,62897,17178,13506,239
MS11S2041-020,C2,Ran,59592,16248,12971,187
MS11S2042-003,C2,Ran,60721,16754,13214,219
MS11S2042-013,C2,Ran,61574,17127,13452,209
MS11S2042-017,C2,Ran,61283,17012,13345,226
MS11S2042-019,C2,Ran,61844,17274,13588,218
MS11S2042-021,C2,Ran,60760,16921,13250,216
MS11S2048-001,C2,Ran,62073,16927,13372,217
MS11S2048-005,C2,Ran,61857,16841,13395,206
MS11S2048-014,C2,Ran,59948,16299,13050,211
MS11S2052-001,C2,Sel,62319,17115,13652,251
MS11S2052-008,C2,Sel,60641,16557,13339,245
MS11S2052-009,C2,Sel,62776,17239,13844,263
MS11S2052-010,C2,Sel,62345,17191,13729,221
MS11S2052-011,C2,Sel,58102,16066,12929,214
MS11S2052-012,C2,Sel,57762,16110,12922,215
MS11S2052-019,C2,Sel,62236,17107,13726,260
MS11S2052-022,C2,Sel,59321,16256,13101,235
MS11S2052-024,C2,Sel,61618,17031,13495,243
MS11S2053-001,C2,Ran,63528,17522,13966,230
MS11S2053-015,C2,Sel,62577,17299,13704,216
MS11S2053-017,C2,Ran,63161,17512,14020,220
MS11S2053-018,C2,Sel,61603,17051,13494,198
MS11S2053-023,C2,Sel,62972,17395,13914,224
MS11S2056-011,C2,Ran,57137,15730,12577,159
MS11S2056-022,C2,Ran,60016,16635,13215,181
MS11S2057-011,C2,Ran,59619,16184,12930,232
MS11S2057-012,C2,Ran,59352,16173,12851,226
MS11S2057-016,C2,Sel,62191,16936,13360,233
MS11S2057-023,C2,Sel,59734,16170,12909,212
MS11S2058-003,C2,Ran,61490,16731,13212,217
MS11S2058-004,C2,Sel,61609,16799,13312,218
MS11S2058-010,C2,Sel,62120,16954,13459,222
MS11S2058-012,C2,Sel,63047,17207,13624,243
MS11S2058-014,C2,Sel,61454,17016,13345,212
MS11S2058-019,C2,Sel,61238,16670,13279,200
MS11S2058-021,C2,Sel,60350,16414,13058,222
MS11S2058-022,C2,Sel,62625,17082,13478,236
MS11S2059-001,C2,Ran,59132,16419,13047,172
MS11S2059-018,C2,Ran,60570,16842,13336,172
MS11S2059-022,C2,Ran,61765,17079,13555,185
MS11S2063-020,C2,Sel,59999,16276,13063,224
MS11S2063-024,C2,Ran,57766,15763,12569,224
MS11S2064-004,C2,Sel,61794,16648,13282,267
MS11S2064-005,C2,Sel,60536,16242,12983,234
MS11S2064-006,C2,Sel,59740,16165,13007,264
MS11S2064-007,C2,Ran,62758,17015,13550,258
MS11S2064-008,C2,Sel,61753,16658,13198,260
MS11S2064-009,C2,Sel,60046,16053,12810,251
MS11S2064-016,C2,Sel,61563,16574,13164,246
MS11S2064-018,C2,Sel,59821,16161,12969,227
MS11S2064-020,C2,Ran,61724,16500,13199,268
MS11S2064-021,C2,Ran,61211,16513,13164,230
MS11S2065-002,C2,Ran,55306,15288,12185,158
MS11S2065-022,C2,Sel,58911,16320,12978,188
MS11S2067-014,C2,Ran,59950,16562,13141,191
MS11S2068-008,C2,Ran,61502,16744,13286,254
MS11S2068-009,C2,Ran,60112,16643,13221,226
MS11S2069-019,C2,Sel,60789,16818,13358,206
MS11S2069-021,C2,Ran,60113,16694,13378,191
MS11S2070-002,C2,Ran,61362,16977,13585,197
MS11S2070-017,C2,Sel,61400,16998,13557,198
MS11S2070-018,C2,Sel,61566,17102,13609,207
MS11S2072-015,C2,Ran,60052,16524,13197,219
MS11S2072-017,C2,Ran,61605,16628,13300,225
MS11S2073-007,C2,Ran,59922,16335,13146,222
MS11S2073-009,C2,Ran,59837,16403,13077,236
MS11S2073-019,C2,Ran,61713,17153,13614,206
MS11S2075-014,C2,Sel,60835,16711,13312,235
MS11S2075-015,C2,Sel,62071,16763,13370,236
MS11S2075-016,C2,Ran,60876,16570,13241,237
MS11S2075-019,C2,Sel,59048,16162,12904,229
MS11S2076-002,C2,Sel,60137,16687,13160,202
MS11S2076-014,C2,Sel,59614,16447,13173,190
MS11S2076-019,C2,Sel,60070,16496,13121,207
MS11S2076-021,C2,Sel,58744,15934,12633,217
MS11S2076-022,C2,Sel,61370,16767,13378,218
MS11S2077-003,C2,Sel,59385,16335,13100,214
MS11S2077-013,C2,Sel,61713,16966,13589,243
MS11S2077-017,C2,Ran,61042,16807,13432,210
MS11S2077-023,C2,Ran,60832,16805,13422,209
MS11S2078-001,C2,Sel,60249,16576,13224,221
MS11S2078-006,C2,Ran,60855,16708,13356,225
MS11S2078-015,C2,Ran,60447,16666,13294,225
MS11S2078-017,C2,Sel,61774,16955,13368,231
MS11S2078-024,C2,Ran,62975,17302,13719,244
MS11S2079-016,C2,Ran,60339,16721,13077,208
MS11S2079-018,C2,Sel,59970,16404,13016,201
MS11S2079-024,C2,Ran,59758,16655,13191,182
MS11S2080-002,C2,Sel,58507,15866,12705,214
MS11S2080-004,C2,Sel,60257,16324,13060,207
MS11S2080-006,C2,Sel,61040,16835,13339,234
MS11S2080-007,C2,Sel,56689,15740,12568,199
MS11S2080-009,C2,Sel,60986,16802,13403,240
MS11S2080-010,C2,Sel,60685,16451,13198,239
MS11S2080-012,C2,Sel,59593,16369,13161,228
MS11S2080-015,C2,Sel,61440,16899,13590,247
MS11S2080-016,C2,Sel,61106,16737,13391,230
MS11S2080-017,C2,Sel,59833,16406,13188,222
MS11S2080-019,C2,Sel,61840,16983,13585,216
MS11S2082-001,C2,Sel,61235,16903,13617,208
MS11S2082-007,C2,Ran,61143,16871,13639,220
MS11S2082-014,C2,Sel,60268,16643,13285,214
MS11S2090-011,C2,Sel,62775,17256,13749,245
MS11S2090-013,C2,Sel,61620,17012,13626,236
MS11S2090-017,C2,Ran,61976,16981,13542,255
MS11S2090-020,C2,Sel,62996,17314,13750,250
MS11S2090-023,C2,Sel,63030,17374,13805,248
MS11S2091-010,C2,Ran,62138,17058,13658,198
MS11S2091-011,C2,Ran,61255,16822,13380,209
MS11S2091-015,C2,Sel,61573,16963,13493,201
MS11S2091-019,C2,Ran,61784,17166,13753,203
MS11S2092-011,C2,Ran,61542,16913,13489,235
MS11S2092-012,C2,Ran,62113,16968,13548,224
MS11S2092-013,C2,Ran,62440,16941,13634,233
MS12_2103-018,C3,Ran,59482,16257,12937,214
MS12_2104-024,C3,Ran,58166,16108,12799,201
MS12_2105-012,C3,Ran,57568,15615,12559,225
MS12_2107-004,C3,Ran,56868,15353,12393,212
MS12_2107-019,C3,Ran,57714,15372,12403,221
MS12_2107-021,C3,Sel,59100,15843,12684,213
MS12_2107-022,C3,Ran,58318,15512,12560,236
MS12_2108-009,C3,Sel,58993,16219,12860,216
MS12_2108-012,C3,Sel,59917,16350,13020,220
MS12_2108-016,C3,Sel,59464,16302,12952,222
MS12_2112-003,C3,Ran,60562,16638,13338,237
MS12_2113-002,C3,Ran,60561,16391,13012,240
MS12_2113-017,C3,Ran,59299,16171,12835,221
MS12_2113-022,C3,Ran,59030,15773,12673,234
MS12_2126-012,C3,Sel,59485,16496,13221,197
MS12_2126-013,C3,Sel,59002,16363,13218,183
MS12_2126-020,C3,Sel,60847,16892,13466,203
MS12_2128-004,C3,Ran,60611,16846,13507,228
MS12_2128-010,C3,Ran,60049,16728,13445,211
MS12_2128-014,C3,Ran,61681,17318,13924,226
MS12_2128-017,C3,Ran,60626,16845,13517,226
MS12_2131-014,C3,Ran,58616,16090,12916,213
MS12_2132-009,C3,Ran,61036,16649,13401,214
MS12_2134-013,C3,Ran,61331,16870,13641,227
MS12_2134-016,C3,Sel,59230,16078,13153,187
MS12_2135-017,C3,Ran,60674,16661,13169,200
MS12_2138-001,C3,Ran,58970,15924,12699,217
MS12_2138-014,C3,Ran,60231,16420,13087,232
MS12_2138-019,C3,Ran,59161,16001,12872,227
MS12_2139-001,C3,Sel,58735,16119,13054,191
MS12_2139-008,C3,Sel,61261,16790,13528,195
MS12_2139-009,C3,Sel,61275,16713,13313,215
MS12_2139-013,C3,Sel,59036,16316,13107,187
MS12_2139-015,C3,Sel,60066,16557,13382,208
MS12_2139-016,C3,Sel,61114,16751,13405,197
MS12_2139-022,C3,Sel,59483,16269,13083,192
MS12_2143-021,C3,Ran,60910,16691,13347,258
MS12_2144-008,C3,Ran,56205,15408,12356,217
MS12_2145-003,C3,Ran,60720,16585,13208,216
MS12_2145-016,C3,Sel,60673,16851,13313,214
MS12_2145-021,C3,Ran,62300,17250,13607,216
MS12_2148-004,C3,Ran,61377,16748,13297,214
MS12_2148-020,C3,Ran,57671,15933,12709,210
MS12_2149-002,C3,Sel,58688,15998,12779,227
MS12_2149-005,C3,Sel,59323,16181,12879,215
MS12_2149-006,C3,Sel,59139,16359,13004,228
MS12_2149-007,C3,Sel,58979,16317,12918,213
MS12_2149-009,C3,Sel,58571,16131,12781,217
MS12_2149-011,C3,Sel,60384,16447,13125,228
MS12_2149-022,C3,Sel,60720,16583,13140,240
MS12_2150-010,C3,Ran,59997,16692,13028,209
MS12_2151-002,C3,Sel,59836,16565,13071,190
MS12_2151-004,C3,Sel,59998,16589,13245,211
MS12_2151-018,C3,Ran,59733,16418,12980,203
MS12_2151-019,C3,Ran,62068,16983,13377,232
MS12_2158-006,C3,Sel,62766,17287,13735,206
MS12_2158-023,C3,Ran,61800,17034,13463,201
MS12_2158-024,C3,Ran,60678,16711,13287,201
MS12_2159-004,C3,Ran,60588,16782,13440,214
MS12_2159-006,C3,Ran,59165,16399,13131,202
MS12_2162-002,C3,Sel,58237,16073,12676,175
MS12_2162-003,C3,Sel,59337,16483,12993,190
MS12_2162-004,C3,Sel,58972,16069,12748,187
MS12_2162-010,C3,Sel,60437,16661,13154,197
MS12_2162-011,C3,Ran,59784,16537,13137,190
MS12_2162-013,C3,Sel,60934,17052,13498,185
MS12_2162-015,C3,Sel,59913,16793,13256,206
MS12_2162-016,C3,Sel,60606,16873,13338,200
MS12_2162-017,C3,Sel,59570,16657,13298,193
MS12_2162-019,C3,Sel,60628,16942,13425,201
MS12_2162-021,C3,Sel,60569,16777,13279,197
MS12_2162-024,C3,Sel,59566,16526,13063,183
MS12_2164-003,C3,Sel,58805,15917,12733,190
MS12_2164-005,C3,Sel,58437,15897,12638,189
MS12_2164-019,C3,Sel,58810,15958,12725,185
MS12_2164-020,C3,Ran,57806,15728,12539,190
MS12_2167-007,C3,Ran,60839,16741,13368,236
MS12_2170-002,C3,Ran,58417,16061,12795,200
MS12_2170-003,C3,Ran,59511,16251,12952,210
MS12_2170-016,C3,Ran,59448,16311,13023,212
MS12_2171-016,C3,Ran,59452,16157,12821,217
MS12_2175-013,C3,Ran,58688,16208,12908,212
MS12_2178-006,C3,Ran,60319,16521,13316,258
MS12_2178-013,C3,Ran,59352,16134,13046,235
MS12_2179-010,C3,Sel,60936,16611,13307,213
MS12_2179-018,C3,Sel,59391,16301,13030,208
MS12_2180-005,C3,Sel,60310,16650,13394,229
MS12_2180-011,C3,Sel,60118,16492,13156,228
MS12_2181-003,C3,Sel,59718,16408,12941,233
MS12_2181-008,C3,Sel,59487,16195,12954,220
MS12_2181-010,C3,Sel,58022,15607,12485,214
MS12_2181-014,C3,Sel,59814,16202,12937,239
MS12_2181-016,C3,Ran,59465,16315,12834,196
MS12_2182-022,C3,Sel,63483,17584,14139,221
MS12_2184-010,C3,Sel,60554,16798,13442,195
ND20448,C0,NA,63731,17141,13597,257
ND24906,C0,NA,63879,17485,13858,243
ND25160,C0,NA,62921,17215,13782,242
ND25652,C0,NA,62747,17354,13806,216
ND25728,C0,NA,62533,17185,13538,271
ND25986,C0,NA,63524,17594,14002,231
ND26036,C0,NA,64487,17537,13860,270
ND26104,C0,NA,64088,17508,13765,259
