LineID,MatID,PatID
MS11S2003-001,MS10S3004-014,MS10S3013-004
MS11S2003-002,MS10S3004-014,MS10S3013-004
MS11S2003-003,MS10S3004-014,MS10S3013-004
MS11S2003-004,MS10S3004-014,MS10S3013-004
MS11S2003-005,MS10S3004-014,MS10S3013-004
MS11S2003-006,MS10S3004-014,MS10S3013-004
MS11S2003-007,MS10S3004-014,MS10S3013-004
MS11S2003-008,MS10S3004-014,MS10S3013-004
MS11S2003-009,MS10S3004-014,MS10S3013-004
MS11S2003-010,MS10S3004-014,MS10S3013-004
MS11S2003-011,MS10S3004-014,MS10S3013-004
MS11S2003-012,MS10S3004-014,MS10S3013-004
MS11S2003-013,MS10S3004-014,MS10S3013-004
MS11S2003-014,MS10S3004-014,MS10S3013-004
MS11S2003-015,MS10S3004-014,MS10S3013-004
MS11S2003-016,MS10S3004-014,MS10S3013-004
MS11S2003-017,MS10S3004-014,MS10S3013-004
MS11S2003-018,MS10S3004-014,MS10S3013-004
MS11S2003-019,MS10S3004-014,MS10S3013-004
MS11S2003-020,MS10S3004-014,MS10S3013-004
MS11S2003-021,MS10S3004-014,MS10S3013-004
MS11S2003-022,MS10S3004-014,MS10S3013-004
MS11S2003-023,MS10S3004-014,MS10S3013-004
MS11S2003-024,MS10S3004-014,MS10S3013-004
MS11S2004-001,MS10S3007-003,MS10S3004-004
MS11S2004-002,MS10S3007-003,MS10S3004-004
MS11S2004-003,MS10S3007-003,MS10S3004-004
MS11S2004-004,MS10S3007-003,MS10S3004-004
MS11S2004-005,MS10S3007-003,MS10S3004-004
MS11S2004-006,MS10S3007-003,MS10S3004-004
MS11S2004-007,MS10S3007-003,MS10S3004-004
MS11S2004-008,MS10S3007-003,MS10S3004-004
MS11S2004-009,MS10S3007-003,MS10S3004-004
MS11S2004-010,MS10S3007-003,MS10S3004-004
MS11S2004-011,MS10S3007-003,MS10S3004-004
MS11S2004-012,MS10S3007-003,MS10S3004-004
MS11S2004-013,MS10S3007-003,MS10S3004-004
MS11S2004-014,MS10S3007-003,MS10S3004-004
MS11S2004-015,MS10S3007-003,MS10S3004-004
MS11S2004-016,MS10S3007-003,MS10S3004-004
MS11S2004-017,MS10S3007-003,MS10S3004-004
MS11S2004-018,MS10S3007-003,MS10S3004-004
MS11S2004-019,MS10S3007-003,MS10S3004-004
MS11S2004-020,MS10S3007-003,MS10S3004-004
MS11S2004-021,MS10S3007-003,MS10S3004-004
MS11S2004-022,MS10S3007-003,MS10S3004-004
MS11S2004-023,MS10S3007-003,MS10S3004-004
MS11S2004-024,MS10S3007-003,MS10S3004-004
MS11S2005-001,MS10S3008-003,MS10S3058-024
MS11S2005-002,MS10S3008-003,MS10S3058-024
MS11S2005-003,MS10S3008-003,MS10S3058-024
MS11S2005-004,MS10S3008-003,MS10S3058-024
MS11S2005-005,MS10S3008-003,MS10S3058-024
MS11S2005-006,MS10S3008-003,MS10S3058-024
MS11S2005-007,MS10S3008-003,MS10S3058-024
MS11S2005-008,MS10S3008-003,MS10S3058-024
MS11S2005-009,MS10S3008-003,MS10S3058-024
MS11S2005-010,MS10S3008-003,MS10S3058-024
MS11S2005-011,MS10S3008-003,MS10S3058-024
MS11S2005-012,MS10S3008-003,MS10S3058-024
MS11S2005-013,MS10S3008-003,MS10S3058-024
MS11S2005-014,MS10S3008-003,MS10S3058-024
MS11S2005-015,MS10S3008-003,MS10S3058-024
MS11S2005-016,MS10S3008-003,MS10S3058-024
MS11S2005-017,MS10S3008-003,MS10S3058-024
MS11S2005-018,MS10S3008-003,MS10S3058-024
MS11S2005-019,MS10S3008-003,MS10S3058-024
MS11S2005-020,MS10S3008-003,MS10S3058-024
MS11S2005-021,MS10S3008-003,MS10S3058-024
MS11S2005-022,MS10S3008-003,MS10S3058-024
MS11S2005-023,MS10S3008-003,MS10S3058-024
MS11S2005-024,MS10S3008-003,MS10S3058-024
MS11S2006-001,MS10S3008-004,MS10S3015-005
MS11S2006-002,MS10S3008-004,MS10S3015-005
MS11S2006-003,MS10S3008-004,MS10S3015-005
MS11S2006-004,MS10S3008-004,MS10S3015-005
MS11S2006-005,MS10S3008-004,MS10S3015-005
MS11S2006-006,MS10S3008-004,MS10S3015-005
MS11S2006-007,MS10S3008-004,MS10S3015-005
MS11S2006-008,MS10S3008-004,MS10S3015-005
MS11S2006-009,MS10S3008-004,MS10S3015-005
MS11S2006-010,MS10S3008-004,MS10S3015-005
MS11S2006-011,MS10S3008-004,MS10S3015-005
MS11S2006-012,MS10S3008-004,MS10S3015-005
MS11S2006-013,MS10S3008-004,MS10S3015-005
MS11S2006-014,MS10S3008-004,MS10S3015-005
MS11S2006-015,MS10S3008-004,MS10S3015-005
MS11S2006-016,MS10S3008-004,MS10S3015-005
MS11S2006-017,MS10S3008-004,MS10S3015-005
MS11S2006-018,MS10S3008-004,MS10S3015-005
MS11S2006-019,MS10S3008-004,MS10S3015-005
MS11S2006-020,MS10S3008-004,MS10S3015-005
MS11S2006-021,MS10S3008-004,MS10S3015-005
MS11S2006-022,MS10S3008-004,MS10S3015-005
MS11S2006-023,MS10S3008-004,MS10S3015-005
MS11S2006-024,MS10S3008-004,MS10S3015-005
MS11S2007-001,MS10S3008-005,MS10S3014-002
MS11S2007-002,MS10S3008-005,MS10S3014-002
MS11S2007-003,MS10S3008-005,MS10S3014-002
MS11S2007-004,MS10S3008-005,MS10S3014-002
MS11S2007-005,MS10S3008-005,MS10S3014-002
MS11S2007-006,MS10S3008-005,MS10S3014-002
MS11S2007-007,MS10S3008-005,MS10S3014-002
MS11S2007-008,MS10S3008-005,MS10S3014-002
MS11S2007-009,MS10S3008-005,MS10S3014-002
MS11S2007-010,MS10S3008-005,MS10S3014-002
MS11S2007-011,MS10S3008-005,MS10S3014-002
MS11S2007-012,MS10S3008-005,MS10S3014-002
MS11S2007-013,MS10S3008-005,MS10S3014-002
MS11S2007-014,MS10S3008-005,MS10S3014-002
MS11S2007-015,MS10S3008-005,MS10S3014-002
MS11S2007-016,MS10S3008-005,MS10S3014-002
MS11S2007-017,MS10S3008-005,MS10S3014-002
MS11S2007-018,MS10S3008-005,MS10S3014-002
MS11S2007-019,MS10S3008-005,MS10S3014-002
MS11S2007-020,MS10S3008-005,MS10S3014-002
MS11S2007-021,MS10S3008-005,MS10S3014-002
MS11S2007-022,MS10S3008-005,MS10S3014-002
MS11S2007-023,MS10S3008-005,MS10S3014-002
MS11S2007-024,MS10S3008-005,MS10S3014-002
MS11S2011-001,MS10S3013-013,MS10S3008-004
MS11S2011-002,MS10S3013-013,MS10S3008-004
MS11S2011-003,MS10S3013-013,MS10S3008-004
MS11S2011-004,MS10S3013-013,MS10S3008-004
MS11S2011-005,MS10S3013-013,MS10S3008-004
MS11S2011-006,MS10S3013-013,MS10S3008-004
MS11S2011-007,MS10S3013-013,MS10S3008-004
MS11S2011-008,MS10S3013-013,MS10S3008-004
MS11S2011-009,MS10S3013-013,MS10S3008-004
MS11S2011-010,MS10S3013-013,MS10S3008-004
MS11S2011-011,MS10S3013-013,MS10S3008-004
MS11S2011-012,MS10S3013-013,MS10S3008-004
MS11S2011-013,MS10S3013-013,MS10S3008-004
MS11S2011-014,MS10S3013-013,MS10S3008-004
MS11S2011-015,MS10S3013-013,MS10S3008-004
MS11S2011-016,MS10S3013-013,MS10S3008-004
MS11S2011-017,MS10S3013-013,MS10S3008-004
MS11S2011-018,MS10S3013-013,MS10S3008-004
MS11S2011-019,MS10S3013-013,MS10S3008-004
MS11S2011-020,MS10S3013-013,MS10S3008-004
MS11S2011-021,MS10S3013-013,MS10S3008-004
MS11S2011-022,MS10S3013-013,MS10S3008-004
MS11S2011-023,MS10S3013-013,MS10S3008-004
MS11S2011-024,MS10S3013-013,MS10S3008-004
MS11S2013-001,MS10S3013-013,MS10S3004-004
MS11S2013-002,MS10S3013-013,MS10S3004-004
MS11S2013-003,MS10S3013-013,MS10S3004-004
MS11S2013-004,MS10S3013-013,MS10S3004-004
MS11S2013-005,MS10S3013-013,MS10S3004-004
MS11S2013-006,MS10S3013-013,MS10S3004-004
MS11S2013-007,MS10S3013-013,MS10S3004-004
MS11S2013-008,MS10S3013-013,MS10S3004-004
MS11S2013-009,MS10S3013-013,MS10S3004-004
MS11S2013-010,MS10S3013-013,MS10S3004-004
MS11S2013-011,MS10S3013-013,MS10S3004-004
MS11S2013-012,MS10S3013-013,MS10S3004-004
MS11S2013-013,MS10S3013-013,MS10S3004-004
MS11S2013-014,MS10S3013-013,MS10S3004-004
MS11S2013-015,MS10S3013-013,MS10S3004-004
MS11S2013-016,MS10S3013-013,MS10S3004-004
MS11S2013-017,MS10S3013-013,MS10S3004-004
MS11S2013-018,MS10S3013-013,MS10S3004-004
MS11S2013-019,MS10S3013-013,MS10S3004-004
MS11S2013-020,MS10S3013-013,MS10S3004-004
MS11S2013-021,MS10S3013-013,MS10S3004-004
MS11S2013-022,MS10S3013-013,MS10S3004-004
MS11S2013-023,MS10S3013-013,MS10S3004-004
MS11S2013-024,MS10S3013-013,MS10S3004-004
MS11S2014-001,MS10S3013-016,MS10S3018-006
MS11S2014-002,MS10S3013-016,MS10S3018-006
MS11S2014-003,MS10S3013-016,MS10S3018-006
MS11S2014-004,MS10S3013-016,MS10S3018-006
MS11S2014-005,MS10S3013-016,MS10S3018-006
MS11S2014-006,MS10S3013-016,MS10S3018-006
MS11S2014-007,MS10S3013-016,MS10S3018-006
MS11S2014-008,MS10S3013-016,MS10S3018-006
MS11S2014-009,MS10S3013-016,MS10S3018-006
MS11S2014-010,MS10S3013-016,MS10S3018-006
MS11S2014-011,MS10S3013-016,MS10S3018-006
MS11S2014-012,MS10S3013-016,MS10S3018-006
MS11S2014-013,MS10S3013-016,MS10S3018-006
MS11S2014-014,MS10S3013-016,MS10S3018-006
MS11S2014-015,MS10S3013-016,MS10S3018-006
MS11S2014-016,MS10S3013-016,MS10S3018-006
MS11S2014-017,MS10S3013-016,MS10S3018-006
MS11S2014-018,MS10S3013-016,MS10S3018-006
MS11S2014-019,MS10S3013-016,MS10S3018-006
MS11S2014-020,MS10S3013-016,MS10S3018-006
MS11S2014-021,MS10S3013-016,MS10S3018-006
MS11S2014-022,MS10S3013-016,MS10S3018-006
MS11S2014-023,MS10S3013-016,MS10S3018-006
MS11S2014-024,MS10S3013-016,MS10S3018-006
MS11S2015-001,MS10S3013-023,MS10S3008-003
MS11S2015-002,MS10S3013-023,MS10S3008-003
MS11S2015-003,MS10S3013-023,MS10S3008-003
MS11S2015-004,MS10S3013-023,MS10S3008-003
MS11S2015-005,MS10S3013-023,MS10S3008-003
MS11S2015-006,MS10S3013-023,MS10S3008-003
MS11S2015-007,MS10S3013-023,MS10S3008-003
MS11S2015-008,MS10S3013-023,MS10S3008-003
MS11S2015-009,MS10S3013-023,MS10S3008-003
MS11S2015-010,MS10S3013-023,MS10S3008-003
MS11S2015-011,MS10S3013-023,MS10S3008-003
MS11S2015-012,MS10S3013-023,MS10S3008-003
MS11S2015-013,MS10S3013-023,MS10S3008-003
MS11S2015-014,MS10S3013-023,MS10S3008-003
MS11S2015-015,MS10S3013-023,MS10S3008-003
MS11S2015-016,MS10S3013-023,MS10S3008-003
MS11S2015-017,MS10S3013-023,MS10S3008-003
MS11S2015-018,MS10S3013-023,MS10S3008-003
MS11S2015-019,MS10S3013-023,MS10S3008-003
MS11S2015-020,MS10S3013-023,MS10S3008-003
MS11S2015-021,MS10S3013-023,MS10S3008-003
MS11S2015-022,MS10S3013-023,MS10S3008-003
MS11S2015-023,MS10S3013-023,MS10S3008-003
MS11S2015-024,MS10S3013-023,MS10S3008-003
MS11S2016-001,MS10S3014-007,MS10S3037-010
MS11S2016-002,MS10S3014-007,MS10S3037-010
MS11S2016-003,MS10S3014-007,MS10S3037-010
MS11S2016-004,MS10S3014-007,MS10S3037-010
MS11S2016-005,MS10S3014-007,MS10S3037-010
MS11S2016-006,MS10S3014-007,MS10S3037-010
MS11S2016-007,MS10S3014-007,MS10S3037-010
MS11S2016-008,MS10S3014-007,MS10S3037-010
MS11S2016-009,MS10S3014-007,MS10S3037-010
MS11S2016-010,MS10S3014-007,MS10S3037-010
MS11S2016-011,MS10S3014-007,MS10S3037-010
MS11S2016-012,MS10S3014-007,MS10S3037-010
MS11S2016-013,MS10S3014-007,MS10S3037-010
MS11S2016-014,MS10S3014-007,MS10S3037-010
MS11S2016-015,MS10S3014-007,MS10S3037-010
MS11S2016-016,MS10S3014-007,MS10S3037-010
MS11S2016-017,MS10S3014-007,MS10S3037-010
MS11S2016-018,MS10S3014-007,MS10S3037-010
MS11S2016-019,MS10S3014-007,MS10S3037-010
MS11S2016-020,MS10S3014-007,MS10S3037-010
MS11S2016-021,MS10S3014-007,MS10S3037-010
MS11S2016-022,MS10S3014-007,MS10S3037-010
MS11S2016-023,MS10S3014-007,MS10S3037-010
MS11S2016-024,MS10S3014-007,MS10S3037-010
MS11S2020-001,MS10S3014-016,MS10S3041-010
MS11S2020-002,MS10S3014-016,MS10S3041-010
MS11S2020-003,MS10S3014-016,MS10S3041-010
MS11S2020-004,MS10S3014-016,MS10S3041-010
MS11S2020-005,MS10S3014-016,MS10S3041-010
MS11S2020-006,MS10S3014-016,MS10S3041-010
MS11S2020-007,MS10S3014-016,MS10S3041-010
MS11S2020-008,MS10S3014-016,MS10S3041-010
MS11S2020-009,MS10S3014-016,MS10S3041-010
MS11S2020-010,MS10S3014-016,MS10S3041-010
MS11S2020-011,MS10S3014-016,MS10S3041-010
MS11S2020-012,MS10S3014-016,MS10S3041-010
MS11S2020-013,MS10S3014-016,MS10S3041-010
MS11S2020-014,MS10S3014-016,MS10S3041-010
MS11S2020-015,MS10S3014-016,MS10S3041-010
MS11S2020-016,MS10S3014-016,MS10S3041-010
MS11S2020-017,MS10S3014-016,MS10S3041-010
MS11S2020-018,MS10S3014-016,MS10S3041-010
MS11S2020-019,MS10S3014-016,MS10S3041-010
MS11S2020-020,MS10S3014-016,MS10S3041-010
MS11S2020-021,MS10S3014-016,MS10S3041-010
MS11S2020-022,MS10S3014-016,MS10S3041-010
MS11S2020-023,MS10S3014-016,MS10S3041-010
MS11S2020-024,MS10S3014-016,MS10S3041-010
MS11S2021-001,MS10S3014-020,MS10S3040-004
MS11S2021-002,MS10S3014-020,MS10S3040-004
MS11S2021-003,MS10S3014-020,MS10S3040-004
MS11S2021-004,MS10S3014-020,MS10S3040-004
MS11S2021-005,MS10S3014-020,MS10S3040-004
MS11S2021-006,MS10S3014-020,MS10S3040-004
MS11S2021-007,MS10S3014-020,MS10S3040-004
MS11S2021-008,MS10S3014-020,MS10S3040-004
MS11S2021-009,MS10S3014-020,MS10S3040-004
MS11S2021-010,MS10S3014-020,MS10S3040-004
MS11S2021-011,MS10S3014-020,MS10S3040-004
MS11S2021-012,MS10S3014-020,MS10S3040-004
MS11S2021-013,MS10S3014-020,MS10S3040-004
MS11S2021-014,MS10S3014-020,MS10S3040-004
MS11S2021-015,MS10S3014-020,MS10S3040-004
MS11S2021-016,MS10S3014-020,MS10S3040-004
MS11S2021-017,MS10S3014-020,MS10S3040-004
MS11S2021-018,MS10S3014-020,MS10S3040-004
MS11S2021-019,MS10S3014-020,MS10S3040-004
MS11S2021-020,MS10S3014-020,MS10S3040-004
MS11S2021-021,MS10S3014-020,MS10S3040-004
MS11S2021-022,MS10S3014-020,MS10S3040-004
MS11S2021-023,MS10S3014-020,MS10S3040-004
MS11S2021-024,MS10S3014-020,MS10S3040-004
MS11S2022-001,MS10S3015-002,MS10S3014-008
MS11S2022-002,MS10S3015-002,MS10S3014-008
MS11S2022-003,MS10S3015-002,MS10S3014-008
MS11S2022-004,MS10S3015-002,MS10S3014-008
MS11S2022-005,MS10S3015-002,MS10S3014-008
MS11S2022-006,MS10S3015-002,MS10S3014-008
MS11S2022-007,MS10S3015-002,MS10S3014-008
MS11S2022-008,MS10S3015-002,MS10S3014-008
MS11S2022-009,MS10S3015-002,MS10S3014-008
MS11S2022-010,MS10S3015-002,MS10S3014-008
MS11S2022-011,MS10S3015-002,MS10S3014-008
MS11S2022-012,MS10S3015-002,MS10S3014-008
MS11S2022-013,MS10S3015-002,MS10S3014-008
MS11S2022-014,MS10S3015-002,MS10S3014-008
MS11S2022-015,MS10S3015-002,MS10S3014-008
MS11S2022-016,MS10S3015-002,MS10S3014-008
MS11S2022-017,MS10S3015-002,MS10S3014-008
MS11S2022-018,MS10S3015-002,MS10S3014-008
MS11S2022-019,MS10S3015-002,MS10S3014-008
MS11S2022-020,MS10S3015-002,MS10S3014-008
MS11S2022-021,MS10S3015-002,MS10S3014-008
MS11S2022-022,MS10S3015-002,MS10S3014-008
MS11S2022-023,MS10S3015-002,MS10S3014-008
MS11S2022-024,MS10S3015-002,MS10S3014-008
MS11S2024-001,MS10S3016-010,MS10S3019-015
MS11S2024-002,MS10S3016-010,MS10S3019-015
MS11S2024-003,MS10S3016-010,MS10S3019-015
MS11S2024-004,MS10S3016-010,MS10S3019-015
MS11S2024-005,MS10S3016-010,MS10S3019-015
MS11S2024-006,MS10S3016-010,MS10S3019-015
MS11S2024-007,MS10S3016-010,MS10S3019-015
MS11S2024-008,MS10S3016-010,MS10S3019-015
MS11S2024-009,MS10S3016-010,MS10S3019-015
MS11S2024-010,MS10S3016-010,MS10S3019-015
MS11S2024-011,MS10S3016-010,MS10S3019-015
MS11S2024-012,MS10S3016-010,MS10S3019-015
MS11S2024-013,MS10S3016-010,MS10S3019-015
MS11S2024-014,MS10S3016-010,MS10S3019-015
MS11S2024-015,MS10S3016-010,MS10S3019-015
MS11S2024-016,MS10S3016-010,MS10S3019-015
MS11S2024-017,MS10S3016-010,MS10S3019-015
MS11S2024-018,MS10S3016-010,MS10S3019-015
MS11S2024-019,MS10S3016-010,MS10S3019-015
MS11S2024-020,MS10S3016-010,MS10S3019-015
MS11S2024-021,MS10S3016-010,MS10S3019-015
MS11S2024-022,MS10S3016-010,MS10S3019-015
MS11S2024-023,MS10S3016-010,MS10S3019-015
MS11S2024-024,MS10S3016-010,MS10S3019-015
MS11S2025-001,MS10S3016-010,MS10S3036-002
MS11S2025-002,MS10S3016-010,MS10S3036-002
MS11S2025-003,MS10S3016-010,MS10S3036-002
MS11S2025-004,MS10S3016-010,MS10S3036-002
MS11S2025-005,MS10S3016-010,MS10S3036-002
MS11S2025-006,MS10S3016-010,MS10S3036-002
MS11S2025-007,MS10S3016-010,MS10S3036-002
MS11S2025-008,MS10S3016-010,MS10S3036-002
MS11S2025-009,MS10S3016-010,MS10S3036-002
MS11S2025-010,MS10S3016-010,MS10S3036-002
MS11S2025-011,MS10S3016-010,MS10S3036-002
MS11S2025-012,MS10S3016-010,MS10S3036-002
MS11S2025-013,MS10S3016-010,MS10S3036-002
MS11S2025-014,MS10S3016-010,MS10S3036-002
MS11S2025-015,MS10S3016-010,MS10S3036-002
MS11S2025-016,MS10S3016-010,MS10S3036-002
MS11S2025-017,MS10S3016-010,MS10S3036-002
MS11S2025-018,MS10S3016-010,MS10S3036-002
MS11S2025-019,MS10S3016-010,MS10S3036-002
MS11S2025-020,MS10S3016-010,MS10S3036-002
MS11S2025-021,MS10S3016-010,MS10S3036-002
MS11S2025-022,MS10S3016-010,MS10S3036-002
MS11S2025-023,MS10S3016-010,MS10S3036-002
MS11S2025-024,MS10S3016-010,MS10S3036-002
MS11S2026-001,MS10S3018-001,MS10S3021-013
MS11S2026-002,MS10S3018-001,MS10S3021-013
MS11S2026-003,MS10S3018-001,MS10S3021-013
MS11S2026-004,MS10S3018-001,MS10S3021-013
MS11S2026-005,MS10S3018-001,MS10S3021-013
MS11S2026-006,MS10S3018-001,MS10S3021-013
MS11S2026-007,MS10S3018-001,MS10S3021-013
MS11S2026-008,MS10S3018-001,MS10S3021-013
MS11S2026-009,MS10S3018-001,MS10S3021-013
MS11S2026-010,MS10S3018-001,MS10S3021-013
MS11S2026-011,MS10S3018-001,MS10S3021-013
MS11S2026-012,MS10S3018-001,MS10S3021-013
MS11S2026-013,MS10S3018-001,MS10S3021-013
MS11S2026-014,MS10S3018-001,MS10S3021-013
MS11S2026-015,MS10S3018-001,MS10S3021-013
MS11S2026-016,MS10S3018-001,MS10S3021-013
MS11S2026-017,MS10S3018-001,MS10S3021-013
MS11S2026-018,MS10S3018-001,MS10S3021-013
MS11S2026-019,MS10S3018-001,MS10S3021-013
MS11S2026-020,MS10S3018-001,MS10S3021-013
MS11S2026-021,MS10S3018-001,MS10S3021-013
MS11S2026-022,MS10S3018-001,MS10S3021-013
MS11S2026-023,MS10S3018-001,MS10S3021-013
MS11S2026-024,MS10S3018-001,MS10S3021-013
MS11S2027-001,MS10S3018-002,MS10S3014-013
MS11S2027-002,MS10S3018-002,MS10S3014-013
MS11S2027-003,MS10S3018-002,MS10S3014-013
MS11S2027-004,MS10S3018-002,MS10S3014-013
MS11S2027-005,MS10S3018-002,MS10S3014-013
MS11S2027-006,MS10S3018-002,MS10S3014-013
MS11S2027-007,MS10S3018-002,MS10S3014-013
MS11S2027-008,MS10S3018-002,MS10S3014-013
MS11S2027-009,MS10S3018-002,MS10S3014-013
MS11S2027-010,MS10S3018-002,MS10S3014-013
MS11S2027-011,MS10S3018-002,MS10S3014-013
MS11S2027-012,MS10S3018-002,MS10S3014-013
MS11S2027-013,MS10S3018-002,MS10S3014-013
MS11S2027-014,MS10S3018-002,MS10S3014-013
MS11S2027-015,MS10S3018-002,MS10S3014-013
MS11S2027-016,MS10S3018-002,MS10S3014-013
MS11S2027-017,MS10S3018-002,MS10S3014-013
MS11S2027-018,MS10S3018-002,MS10S3014-013
MS11S2027-019,MS10S3018-002,MS10S3014-013
MS11S2027-020,MS10S3018-002,MS10S3014-013
MS11S2027-021,MS10S3018-002,MS10S3014-013
MS11S2027-022,MS10S3018-002,MS10S3014-013
MS11S2027-023,MS10S3018-002,MS10S3014-013
MS11S2027-024,MS10S3018-002,MS10S3014-013
MS11S2028-001,MS10S3018-006,MS10S3015-004
MS11S2028-002,MS10S3018-006,MS10S3015-004
MS11S2028-003,MS10S3018-006,MS10S3015-004
MS11S2028-004,MS10S3018-006,MS10S3015-004
MS11S2028-005,MS10S3018-006,MS10S3015-004
MS11S2028-006,MS10S3018-006,MS10S3015-004
MS11S2028-007,MS10S3018-006,MS10S3015-004
MS11S2028-008,MS10S3018-006,MS10S3015-004
MS11S2028-009,MS10S3018-006,MS10S3015-004
MS11S2028-010,MS10S3018-006,MS10S3015-004
MS11S2028-011,MS10S3018-006,MS10S3015-004
MS11S2028-012,MS10S3018-006,MS10S3015-004
MS11S2028-013,MS10S3018-006,MS10S3015-004
MS11S2028-014,MS10S3018-006,MS10S3015-004
MS11S2028-015,MS10S3018-006,MS10S3015-004
MS11S2028-016,MS10S3018-006,MS10S3015-004
MS11S2028-017,MS10S3018-006,MS10S3015-004
MS11S2028-018,MS10S3018-006,MS10S3015-004
MS11S2028-019,MS10S3018-006,MS10S3015-004
MS11S2028-020,MS10S3018-006,MS10S3015-004
MS11S2028-021,MS10S3018-006,MS10S3015-004
MS11S2028-022,MS10S3018-006,MS10S3015-004
MS11S2028-023,MS10S3018-006,MS10S3015-004
MS11S2028-024,MS10S3018-006,MS10S3015-004
MS11S2029-001,MS10S3018-006,MS10S3055-014
MS11S2029-002,MS10S3018-006,MS10S3055-014
MS11S2029-003,MS10S3018-006,MS10S3055-014
MS11S2029-004,MS10S3018-006,MS10S3055-014
MS11S2029-005,MS10S3018-006,MS10S3055-014
MS11S2029-006,MS10S3018-006,MS10S3055-014
MS11S2029-007,MS10S3018-006,MS10S3055-014
MS11S2029-008,MS10S3018-006,MS10S3055-014
MS11S2029-009,MS10S3018-006,MS10S3055-014
MS11S2029-010,MS10S3018-006,MS10S3055-014
MS11S2029-011,MS10S3018-006,MS10S3055-014
MS11S2029-012,MS10S3018-006,MS10S3055-014
MS11S2029-013,MS10S3018-006,MS10S3055-014
MS11S2029-014,MS10S3018-006,MS10S3055-014
MS11S2029-015,MS10S3018-006,MS10S3055-014
MS11S2029-016,MS10S3018-006,MS10S3055-014
MS11S2029-017,MS10S3018-006,MS10S3055-014
MS11S2029-018,MS10S3018-006,MS10S3055-014
MS11S2029-019,MS10S3018-006,MS10S3055-014
MS11S2029-020,MS10S3018-006,MS10S3055-014
MS11S2029-021,MS10S3018-006,MS10S3055-014
MS11S2029-022,MS10S3018-006,MS10S3055-014
MS11S2029-023,MS10S3018-006,MS10S3055-014
MS11S2029-024,MS10S3018-006,MS10S3055-014
MS11S2030-001,MS10S3018-015,MS10S3049-009
MS11S2030-002,MS10S3018-015,MS10S3049-009
MS11S2030-003,MS10S3018-015,MS10S3049-009
MS11S2030-004,MS10S3018-015,MS10S3049-009
MS11S2030-005,MS10S3018-015,MS10S3049-009
MS11S2030-006,MS10S3018-015,MS10S3049-009
MS11S2030-007,MS10S3018-015,MS10S3049-009
MS11S2030-008,MS10S3018-015,MS10S3049-009
MS11S2030-009,MS10S3018-015,MS10S3049-009
MS11S2030-010,MS10S3018-015,MS10S3049-009
MS11S2030-011,MS10S3018-015,MS10S3049-009
MS11S2030-012,MS10S3018-015,MS10S3049-009
MS11S2030-013,MS10S3018-015,MS10S3049-009
MS11S2030-014,MS10S3018-015,MS10S3049-009
MS11S2030-015,MS10S3018-015,MS10S3049-009
MS11S2030-016,MS10S3018-015,MS10S3049-009
MS11S2030-017,MS10S3018-015,MS10S3049-009
MS11S2030-018,MS10S3018-015,MS10S3049-009
MS11S2030-019,MS10S3018-015,MS10S3049-009
MS11S2030-020,MS10S3018-015,MS10S3049-009
MS11S2030-021,MS10S3018-015,MS10S3049-009
MS11S2030-022,MS10S3018-015,MS10S3049-009
MS11S2030-023,MS10S3018-015,MS10S3049-009
MS11S2030-024,MS10S3018-015,MS10S3049-009
MS11S2031-001,MS10S3018-015,MS10S3013-016
MS11S2031-002,MS10S3018-015,MS10S3013-016
MS11S2031-003,MS10S3018-015,MS10S3013-016
MS11S2031-004,MS10S3018-015,MS10S3013-016
MS11S2031-005,MS10S3018-015,MS10S3013-016
MS11S2031-006,MS10S3018-015,MS10S3013-016
MS11S2031-007,MS10S3018-015,MS10S3013-016
MS11S2031-008,MS10S3018-015,MS10S3013-016
MS11S2031-009,MS10S3018-015,MS10S3013-016
MS11S2031-010,MS10S3018-015,MS10S3013-016
MS11S2031-011,MS10S3018-015,MS10S3013-016
MS11S2031-012,MS10S3018-015,MS10S3013-016
MS11S2031-013,MS10S3018-015,MS10S3013-016
MS11S2031-014,MS10S3018-015,MS10S3013-016
MS11S2031-015,MS10S3018-015,MS10S3013-016
MS11S2031-016,MS10S3018-015,MS10S3013-016
MS11S2031-017,MS10S3018-015,MS10S3013-016
MS11S2031-018,MS10S3018-015,MS10S3013-016
MS11S2031-019,MS10S3018-015,MS10S3013-016
MS11S2031-020,MS10S3018-015,MS10S3013-016
MS11S2031-021,MS10S3018-015,MS10S3013-016
MS11S2031-022,MS10S3018-015,MS10S3013-016
MS11S2031-023,MS10S3018-015,MS10S3013-016
MS11S2031-024,MS10S3018-015,MS10S3013-016
MS11S2033-001,MS10S3021-009,MS10S3014-008
MS11S2033-002,MS10S3021-009,MS10S3014-008
MS11S2033-003,MS10S3021-009,MS10S3014-008
MS11S2033-004,MS10S3021-009,MS10S3014-008
MS11S2033-005,MS10S3021-009,MS10S3014-008
MS11S2033-006,MS10S3021-009,MS10S3014-008
MS11S2033-007,MS10S3021-009,MS10S3014-008
MS11S2033-008,MS10S3021-009,MS10S3014-008
MS11S2033-009,MS10S3021-009,MS10S3014-008
MS11S2033-010,MS10S3021-009,MS10S3014-008
MS11S2033-011,MS10S3021-009,MS10S3014-008
MS11S2033-012,MS10S3021-009,MS10S3014-008
MS11S2033-013,MS10S3021-009,MS10S3014-008
MS11S2033-014,MS10S3021-009,MS10S3014-008
MS11S2033-015,MS10S3021-009,MS10S3014-008
MS11S2033-016,MS10S3021-009,MS10S3014-008
MS11S2033-017,MS10S3021-009,MS10S3014-008
MS11S2033-018,MS10S3021-009,MS10S3014-008
MS11S2033-019,MS10S3021-009,MS10S3014-008
MS11S2033-020,MS10S3021-009,MS10S3014-008
MS11S2033-021,MS10S3021-009,MS10S3014-008
MS11S2033-022,MS10S3021-009,MS10S3014-008
MS11S2033-023,MS10S3021-009,MS10S3014-008
MS11S2033-024,MS10S3021-009,MS10S3014-008
MS11S2034-001,MS10S3021-009,MS10S3055-013
MS11S2034-002,MS10S3021-009,MS10S3055-013
MS11S2034-003,MS10S3021-009,MS10S3055-013
MS11S2034-004,MS10S3021-009,MS10S3055-013
MS11S2034-005,MS10S3021-009,MS10S3055-013
MS11S2034-006,MS10S3021-009,MS10S3055-013
MS11S2034-007,MS10S3021-009,MS10S3055-013
MS11S2034-008,MS10S3021-009,MS10S3055-013
MS11S2034-009,MS10S3021-009,MS10S3055-013
MS11S2034-010,MS10S3021-009,MS10S3055-013
MS11S2034-011,MS10S3021-009,MS10S3055-013
MS11S2034-012,MS10S3021-009,MS10S3055-013
MS11S2034-013,MS10S3021-009,MS10S3055-013
MS11S2034-014,MS10S3021-009,MS10S3055-013
MS11S2034-015,MS10S3021-009,MS10S3055-013
MS11S2034-016,MS10S3021-009,MS10S3055-013
MS11S2034-017,MS10S3021-009,MS10S3055-013
MS11S2034-018,MS10S3021-009,MS10S3055-013
MS11S2034-019,MS10S3021-009,MS10S3055-013
MS11S2034-020,MS10S3021-009,MS10S3055-013
MS11S2034-021,MS10S3021-009,MS10S3055-013
MS11S2034-022,MS10S3021-009,MS10S3055-013
MS11S2034-023,MS10S3021-009,MS10S3055-013
MS11S2034-024,MS10S3021-009,MS10S3055-013
MS11S2036-001,MS10S3021-012,MS10S3063-013
MS11S2036-002,MS10S3021-012,MS10S3063-013
MS11S2036-003,MS10S3021-012,MS10S3063-013
MS11S2036-004,MS10S3021-012,MS10S3063-013
MS11S2036-005,MS10S3021-012,MS10S3063-013
MS11S2036-006,MS10S3021-012,MS10S3063-013
MS11S2036-007,MS10S3021-012,MS10S3063-013
MS11S2036-008,MS10S3021-012,MS10S3063-013
MS11S2036-009,MS10S3021-012,MS10S3063-013
MS11S2036-010,MS10S3021-012,MS10S3063-013
MS11S2036-011,MS10S3021-012,MS10S3063-013
MS11S2036-012,MS10S3021-012,MS10S3063-013
MS11S2036-013,MS10S3021-012,MS10S3063-013
MS11S2036-014,MS10S3021-012,MS10S3063-013
MS11S2036-015,MS10S3021-012,MS10S3063-013
MS11S2036-016,MS10S3021-012,MS10S3063-013
MS11S2036-017,MS10S3021-012,MS10S3063-013
MS11S2036-018,MS10S3021-012,MS10S3063-013
MS11S2036-019,MS10S3021-012,MS10S3063-013
MS11S2036-020,MS10S3021-012,MS10S3063-013
MS11S2036-021,MS10S3021-012,MS10S3063-013
MS11S2036-022,MS10S3021-012,MS10S3063-013
MS11S2036-023,MS10S3021-012,MS10S3063-013
MS11S2036-024,MS10S3021-012,MS10S3063-013
MS11S2037-001,MS10S3021-013,MS10S3055-013
MS11S2037-002,MS10S3021-013,MS10S3055-013
MS11S2037-003,MS10S3021-013,MS10S3055-013
MS11S2037-004,MS10S3021-013,MS10S3055-013
MS11S2037-005,MS10S3021-013,MS10S3055-013
MS11S2037-006,MS10S3021-013,MS10S3055-013
MS11S2037-007,MS10S3021-013,MS10S3055-013
MS11S2037-008,MS10S3021-013,MS10S3055-013
MS11S2037-009,MS10S3021-013,MS10S3055-013
MS11S2037-010,MS10S3021-013,MS10S3055-013
MS11S2037-011,MS10S3021-013,MS10S3055-013
MS11S2037-012,MS10S3021-013,MS10S3055-013
MS11S2037-013,MS10S3021-013,MS10S3055-013
MS11S2037-014,MS10S3021-013,MS10S3055-013
MS11S2037-015,MS10S3021-013,MS10S3055-013
MS11S2037-016,MS10S3021-013,MS10S3055-013
MS11S2037-017,MS10S3021-013,MS10S3055-013
MS11S2037-018,MS10S3021-013,MS10S3055-013
MS11S2037-019,MS10S3021-013,MS10S3055-013
MS11S2037-020,MS10S3021-013,MS10S3055-013
MS11S2037-021,MS10S3021-013,MS10S3055-013
MS11S2037-022,MS10S3021-013,MS10S3055-013
MS11S2037-023,MS10S3021-013,MS10S3055-013
MS11S2037-024,MS10S3021-013,MS10S3055-013
MS11S2038-001,MS10S3021-013,MS10S3058-024
MS11S2038-002,MS10S3021-013,MS10S3058-024
MS11S2038-003,MS10S3021-013,MS10S3058-024
MS11S2038-004,MS10S3021-013,MS10S3058-024
MS11S2038-005,MS10S3021-013,MS10S3058-024
MS11S2038-006,MS10S3021-013,MS10S3058-024
MS11S2038-007,MS10S3021-013,MS10S3058-024
MS11S2038-008,MS10S3021-013,MS10S3058-024
MS11S2038-009,MS10S3021-013,MS10S3058-024
MS11S2038-010,MS10S3021-013,MS10S3058-024
MS11S2038-011,MS10S3021-013,MS10S3058-024
MS11S2038-012,MS10S3021-013,MS10S3058-024
MS11S2038-013,MS10S3021-013,MS10S3058-024
MS11S2038-014,MS10S3021-013,MS10S3058-024
MS11S2038-015,MS10S3021-013,MS10S3058-024
MS11S2038-016,MS10S3021-013,MS10S3058-024
MS11S2038-017,MS10S3021-013,MS10S3058-024
MS11S2038-018,MS10S3021-013,MS10S3058-024
MS11S2038-019,MS10S3021-013,MS10S3058-024
MS11S2038-020,MS10S3021-013,MS10S3058-024
MS11S2038-021,MS10S3021-013,MS10S3058-024
MS11S2038-022,MS10S3021-013,MS10S3058-024
MS11S2038-023,MS10S3021-013,MS10S3058-024
MS11S2038-024,MS10S3021-013,MS10S3058-024
MS11S2039-001,MS10S3024-003,MS10S3007-003
MS11S2039-002,MS10S3024-003,MS10S3007-003
MS11S2039-003,MS10S3024-003,MS10S3007-003
MS11S2039-004,MS10S3024-003,MS10S3007-003
MS11S2039-005,MS10S3024-003,MS10S3007-003
MS11S2039-006,MS10S3024-003,MS10S3007-003
MS11S2039-007,MS10S3024-003,MS10S3007-003
MS11S2039-008,MS10S3024-003,MS10S3007-003
MS11S2039-009,MS10S3024-003,MS10S3007-003
MS11S2039-010,MS10S3024-003,MS10S3007-003
MS11S2039-011,MS10S3024-003,MS10S3007-003
MS11S2039-012,MS10S3024-003,MS10S3007-003
MS11S2039-013,MS10S3024-003,MS10S3007-003
MS11S2039-014,MS10S3024-003,MS10S3007-003
MS11S2039-015,MS10S3024-003,MS10S3007-003
MS11S2039-016,MS10S3024-003,MS10S3007-003
MS11S2039-017,MS10S3024-003,MS10S3007-003
MS11S2039-018,MS10S3024-003,MS10S3007-003
MS11S2039-019,MS10S3024-003,MS10S3007-003
MS11S2039-020,MS10S3024-003,MS10S3007-003
MS11S2039-021,MS10S3024-003,MS10S3007-003
MS11S2039-022,MS10S3024-003,MS10S3007-003
MS11S2039-023,MS10S3024-003,MS10S3007-003
MS11S2039-024,MS10S3024-003,MS10S3007-003
MS11S2040-001,MS10S3024-005,MS10S3041-010
MS11S2040-002,MS10S3024-005,MS10S3041-010
MS11S2040-003,MS10S3024-005,MS10S3041-010
MS11S2040-004,MS10S3024-005,MS10S3041-010
MS11S2040-005,MS10S3024-005,MS10S3041-010
MS11S2040-006,MS10S3024-005,MS10S3041-010
MS11S2040-007,MS10S3024-005,MS10S3041-010
MS11S2040-008,MS10S3024-005,MS10S3041-010
MS11S2040-009,MS10S3024-005,MS10S3041-010
MS11S2040-010,MS10S3024-005,MS10S3041-010
MS11S2040-011,MS10S3024-005,MS10S3041-010
MS11S2040-012,MS10S3024-005,MS10S3041-010
MS11S2040-013,MS10S3024-005,MS10S3041-010
MS11S2040-014,MS10S3024-005,MS10S3041-010
MS11S2040-015,MS10S3024-005,MS10S3041-010
MS11S2040-016,MS10S3024-005,MS10S3041-010
MS11S2040-017,MS10S3024-005,MS10S3041-010
MS11S2040-018,MS10S3024-005,MS10S3041-010
MS11S2040-019,MS10S3024-005,MS10S3041-010
MS11S2040-020,MS10S3024-005,MS10S3041-010
MS11S2040-021,MS10S3024-005,MS10S3041-010
MS11S2040-022,MS10S3024-005,MS10S3041-010
MS11S2040-023,MS10S3024-005,MS10S3041-010
MS11S2040-024,MS10S3024-005,MS10S3041-010
MS11S2041-001,MS10S3024-005,MS10S3013-016
MS11S2041-002,MS10S3024-005,MS10S3013-016
MS11S2041-003,MS10S3024-005,MS10S3013-016
MS11S2041-004,MS10S3024-005,MS10S3013-016
MS11S2041-005,MS10S3024-005,MS10S3013-016
MS11S2041-006,MS10S3024-005,MS10S3013-016
MS11S2041-007,MS10S3024-005,MS10S3013-016
MS11S2041-008,MS10S3024-005,MS10S3013-016
MS11S2041-009,MS10S3024-005,MS10S3013-016
MS11S2041-010,MS10S3024-005,MS10S3013-016
MS11S2041-011,MS10S3024-005,MS10S3013-016
MS11S2041-012,MS10S3024-005,MS10S3013-016
MS11S2041-013,MS10S3024-005,MS10S3013-016
MS11S2041-014,MS10S3024-005,MS10S3013-016
MS11S2041-015,MS10S3024-005,MS10S3013-016
MS11S2041-016,MS10S3024-005,MS10S3013-016
MS11S2041-017,MS10S3024-005,MS10S3013-016
MS11S2041-018,MS10S3024-005,MS10S3013-016
MS11S2041-019,MS10S3024-005,MS10S3013-016
MS11S2041-020,MS10S3024-005,MS10S3013-016
MS11S2041-021,MS10S3024-005,MS10S3013-016
MS11S2041-022,MS10S3024-005,MS10S3013-016
MS11S2041-023,MS10S3024-005,MS10S3013-016
MS11S2041-024,MS10S3024-005,MS10S3013-016
MS11S2042-001,MS10S3024-007,MS10S3021-009
MS11S2042-002,MS10S3024-007,MS10S3021-009
MS11S2042-003,MS10S3024-007,MS10S3021-009
MS11S2042-004,MS10S3024-007,MS10S3021-009
MS11S2042-005,MS10S3024-007,MS10S3021-009
MS11S2042-006,MS10S3024-007,MS10S3021-009
MS11S2042-007,MS10S3024-007,MS10S3021-009
MS11S2042-008,MS10S3024-007,MS10S3021-009
MS11S2042-009,MS10S3024-007,MS10S3021-009
MS11S2042-010,MS10S3024-007,MS10S3021-009
MS11S2042-011,MS10S3024-007,MS10S3021-009
MS11S2042-012,MS10S3024-007,MS10S3021-009
MS11S2042-013,MS10S3024-007,MS10S3021-009
MS11S2042-014,MS10S3024-007,MS10S3021-009
MS11S2042-015,MS10S3024-007,MS10S3021-009
MS11S2042-016,MS10S3024-007,MS10S3021-009
MS11S2042-017,MS10S3024-007,MS10S3021-009
MS11S2042-018,MS10S3024-007,MS10S3021-009
MS11S2042-019,MS10S3024-007,MS10S3021-009
MS11S2042-020,MS10S3024-007,MS10S3021-009
MS11S2042-021,MS10S3024-007,MS10S3021-009
MS11S2042-022,MS10S3024-007,MS10S3021-009
MS11S2042-023,MS10S3024-007,MS10S3021-009
MS11S2042-024,MS10S3024-007,MS10S3021-009
MS11S2046-001,MS10S3031-013,MS10S3014-013
MS11S2046-002,MS10S3031-013,MS10S3014-013
MS11S2046-003,MS10S3031-013,MS10S3014-013
MS11S2046-004,MS10S3031-013,MS10S3014-013
MS11S2046-005,MS10S3031-013,MS10S3014-013
MS11S2046-006,MS10S3031-013,MS10S3014-013
MS11S2046-007,MS10S3031-013,MS10S3014-013
MS11S2046-008,MS10S3031-013,MS10S3014-013
MS11S2046-009,MS10S3031-013,MS10S3014-013
MS11S2046-010,MS10S3031-013,MS10S3014-013
MS11S2046-011,MS10S3031-013,MS10S3014-013
MS11S2046-012,MS10S3031-013,MS10S3014-013
MS11S2046-013,MS10S3031-013,MS10S3014-013
MS11S2046-014,MS10S3031-013,MS10S3014-013
MS11S2046-015,MS10S3031-013,MS10S3014-013
MS11S2046-016,MS10S3031-013,MS10S3014-013
MS11S2046-017,MS10S3031-013,MS10S3014-013
MS11S2046-018,MS10S3031-013,MS10S3014-013
MS11S2046-019,MS10S3031-013,MS10S3014-013
MS11S2046-020,MS10S3031-013,MS10S3014-013
MS11S2046-021,MS10S3031-013,MS10S3014-013
MS11S2046-022,MS10S3031-013,MS10S3014-013
MS11S2046-023,MS10S3031-013,MS10S3014-013
MS11S2046-024,MS10S3031-013,MS10S3014-013
MS11S2048-001,MS10S3032-004,MS10S3014-021
MS11S2048-002,MS10S3032-004,MS10S3014-021
MS11S2048-003,MS10S3032-004,MS10S3014-021
MS11S2048-004,MS10S3032-004,MS10S3014-021
MS11S2048-005,MS10S3032-004,MS10S3014-021
MS11S2048-006,MS10S3032-004,MS10S3014-021
MS11S2048-007,MS10S3032-004,MS10S3014-021
MS11S2048-008,MS10S3032-004,MS10S3014-021
MS11S2048-009,MS10S3032-004,MS10S3014-021
MS11S2048-010,MS10S3032-004,MS10S3014-021
MS11S2048-011,MS10S3032-004,MS10S3014-021
MS11S2048-012,MS10S3032-004,MS10S3014-021
MS11S2048-013,MS10S3032-004,MS10S3014-021
MS11S2048-014,MS10S3032-004,MS10S3014-021
MS11S2048-015,MS10S3032-004,MS10S3014-021
MS11S2048-016,MS10S3032-004,MS10S3014-021
MS11S2048-017,MS10S3032-004,MS10S3014-021
MS11S2048-018,MS10S3032-004,MS10S3014-021
MS11S2048-019,MS10S3032-004,MS10S3014-021
MS11S2048-020,MS10S3032-004,MS10S3014-021
MS11S2048-021,MS10S3032-004,MS10S3014-021
MS11S2048-022,MS10S3032-004,MS10S3014-021
MS11S2048-023,MS10S3032-004,MS10S3014-021
MS11S2048-024,MS10S3032-004,MS10S3014-021
MS11S2052-001,MS10S3032-016,MS10S3019-015
MS11S2052-002,MS10S3032-016,MS10S3019-015
MS11S2052-003,MS10S3032-016,MS10S3019-015
MS11S2052-004,MS10S3032-016,MS10S3019-015
MS11S2052-005,MS10S3032-016,MS10S3019-015
MS11S2052-006,MS10S3032-016,MS10S3019-015
MS11S2052-007,MS10S3032-016,MS10S3019-015
MS11S2052-008,MS10S3032-016,MS10S3019-015
MS11S2052-009,MS10S3032-016,MS10S3019-015
MS11S2052-010,MS10S3032-016,MS10S3019-015
MS11S2052-011,MS10S3032-016,MS10S3019-015
MS11S2052-012,MS10S3032-016,MS10S3019-015
MS11S2052-013,MS10S3032-016,MS10S3019-015
MS11S2052-014,MS10S3032-016,MS10S3019-015
MS11S2052-015,MS10S3032-016,MS10S3019-015
MS11S2052-016,MS10S3032-016,MS10S3019-015
MS11S2052-017,MS10S3032-016,MS10S3019-015
MS11S2052-018,MS10S3032-016,MS10S3019-015
MS11S2052-019,MS10S3032-016,MS10S3019-015
MS11S2052-020,MS10S3032-016,MS10S3019-015
MS11S2052-021,MS10S3032-016,MS10S3019-015
MS11S2052-022,MS10S3032-016,MS10S3019-015
MS11S2052-023,MS10S3032-016,MS10S3019-015
MS11S2052-024,MS10S3032-016,MS10S3019-015
MS11S2053-001,MS10S3032-016,MS10S3004-004
MS11S2053-002,MS10S3032-016,MS10S3004-004
MS11S2053-003,MS10S3032-016,MS10S3004-004
MS11S2053-004,MS10S3032-016,MS10S3004-004
MS11S2053-005,MS10S3032-016,MS10S3004-004
MS11S2053-006,MS10S3032-016,MS10S3004-004
MS11S2053-007,MS10S3032-016,MS10S3004-004
MS11S2053-008,MS10S3032-016,MS10S3004-004
MS11S2053-009,MS10S3032-016,MS10S3004-004
MS11S2053-010,MS10S3032-016,MS10S3004-004
MS11S2053-011,MS10S3032-016,MS10S3004-004
MS11S2053-012,MS10S3032-016,MS10S3004-004
MS11S2053-013,MS10S3032-016,MS10S3004-004
MS11S2053-014,MS10S3032-016,MS10S3004-004
MS11S2053-015,MS10S3032-016,MS10S3004-004
MS11S2053-016,MS10S3032-016,MS10S3004-004
MS11S2053-017,MS10S3032-016,MS10S3004-004
MS11S2053-018,MS10S3032-016,MS10S3004-004
MS11S2053-019,MS10S3032-016,MS10S3004-004
MS11S2053-020,MS10S3032-016,MS10S3004-004
MS11S2053-021,MS10S3032-016,MS10S3004-004
MS11S2053-022,MS10S3032-016,MS10S3004-004
MS11S2053-023,MS10S3032-016,MS10S3004-004
MS11S2053-024,MS10S3032-016,MS10S3004-004
MS11S2055-001,MS10S3034-014,MS10S3013-004
MS11S2055-002,MS10S3034-014,MS10S3013-004
MS11S2055-003,MS10S3034-014,MS10S3013-004
MS11S2055-004,MS10S3034-014,MS10S3013-004
MS11S2055-005,MS10S3034-014,MS10S3013-004
MS11S2055-006,MS10S3034-014,MS10S3013-004
MS11S2055-007,MS10S3034-014,MS10S3013-004
MS11S2055-008,MS10S3034-014,MS10S3013-004
MS11S2055-009,MS10S3034-014,MS10S3013-004
MS11S2055-010,MS10S3034-014,MS10S3013-004
MS11S2055-011,MS10S3034-014,MS10S3013-004
MS11S2055-012,MS10S3034-014,MS10S3013-004
MS11S2055-013,MS10S3034-014,MS10S3013-004
MS11S2055-014,MS10S3034-014,MS10S3013-004
MS11S2055-015,MS10S3034-014,MS10S3013-004
MS11S2055-016,MS10S3034-014,MS10S3013-004
MS11S2055-017,MS10S3034-014,MS10S3013-004
MS11S2055-018,MS10S3034-014,MS10S3013-004
MS11S2055-019,MS10S3034-014,MS10S3013-004
MS11S2055-020,MS10S3034-014,MS10S3013-004
MS11S2055-021,MS10S3034-014,MS10S3013-004
MS11S2055-022,MS10S3034-014,MS10S3013-004
MS11S2055-023,MS10S3034-014,MS10S3013-004
MS11S2055-024,MS10S3034-014,MS10S3013-004
MS11S2056-001,MS10S3034-016,MS10S3001-019
MS11S2056-002,MS10S3034-016,MS10S3001-019
MS11S2056-003,MS10S3034-016,MS10S3001-019
MS11S2056-004,MS10S3034-016,MS10S3001-019
MS11S2056-005,MS10S3034-016,MS10S3001-019
MS11S2056-006,MS10S3034-016,MS10S3001-019
MS11S2056-007,MS10S3034-016,MS10S3001-019
MS11S2056-008,MS10S3034-016,MS10S3001-019
MS11S2056-009,MS10S3034-016,MS10S3001-019
MS11S2056-010,MS10S3034-016,MS10S3001-019
MS11S2056-011,MS10S3034-016,MS10S3001-019
MS11S2056-012,MS10S3034-016,MS10S3001-019
MS11S2056-013,MS10S3034-016,MS10S3001-019
MS11S2056-014,MS10S3034-016,MS10S3001-019
MS11S2056-015,MS10S3034-016,MS10S3001-019
MS11S2056-016,MS10S3034-016,MS10S3001-019
MS11S2056-017,MS10S3034-016,MS10S3001-019
MS11S2056-018,MS10S3034-016,MS10S3001-019
MS11S2056-019,MS10S3034-016,MS10S3001-019
MS11S2056-020,MS10S3034-016,MS10S3001-019
MS11S2056-021,MS10S3034-016,MS10S3001-019
MS11S2056-022,MS10S3034-016,MS10S3001-019
MS11S2056-023,MS10S3034-016,MS10S3001-019
MS11S2056-024,MS10S3034-016,MS10S3001-019
MS11S2057-001,MS10S3034-018,MS10S3045-010
MS11S2057-002,MS10S3034-018,MS10S3045-010
MS11S2057-003,MS10S3034-018,MS10S3045-010
MS11S2057-004,MS10S3034-018,MS10S3045-010
MS11S2057-005,MS10S3034-018,MS10S3045-010
MS11S2057-006,MS10S3034-018,MS10S3045-010
MS11S2057-007,MS10S3034-018,MS10S3045-010
MS11S2057-008,MS10S3034-018,MS10S3045-010
MS11S2057-009,MS10S3034-018,MS10S3045-010
MS11S2057-010,MS10S3034-018,MS10S3045-010
MS11S2057-011,MS10S3034-018,MS10S3045-010
MS11S2057-012,MS10S3034-018,MS10S3045-010
MS11S2057-013,MS10S3034-018,MS10S3045-010
MS11S2057-014,MS10S3034-018,MS10S3045-010
MS11S2057-015,MS10S3034-018,MS10S3045-010
MS11S2057-016,MS10S3034-018,MS10S3045-010
MS11S2057-017,MS10S3034-018,MS10S3045-010
MS11S2057-018,MS10S3034-018,MS10S3045-010
MS11S2057-019,MS10S3034-018,MS10S3045-010
MS11S2057-020,MS10S3034-018,MS10S3045-010
MS11S2057-021,MS10S3034-018,MS10S3045-010
MS11S2057-022,MS10S3034-018,MS10S3045-010
MS11S2057-023,MS10S3034-018,MS10S3045-010
MS11S2057-024,MS10S3034-018,MS10S3045-010
MS11S2058-001,MS10S3034-018,MS10S3029-013
MS11S2058-002,MS10S3034-018,MS10S3029-013
MS11S2058-003,MS10S3034-018,MS10S3029-013
MS11S2058-004,MS10S3034-018,MS10S3029-013
MS11S2058-005,MS10S3034-018,MS10S3029-013
MS11S2058-006,MS10S3034-018,MS10S3029-013
MS11S2058-007,MS10S3034-018,MS10S3029-013
MS11S2058-008,MS10S3034-018,MS10S3029-013
MS11S2058-009,MS10S3034-018,MS10S3029-013
MS11S2058-010,MS10S3034-018,MS10S3029-013
MS11S2058-011,MS10S3034-018,MS10S3029-013
MS11S2058-012,MS10S3034-018,MS10S3029-013
MS11S2058-013,MS10S3034-018,MS10S3029-013
MS11S2058-014,MS10S3034-018,MS10S3029-013
MS11S2058-015,MS10S3034-018,MS10S3029-013
MS11S2058-016,MS10S3034-018,MS10S3029-013
MS11S2058-017,MS10S3034-018,MS10S3029-013
MS11S2058-018,MS10S3034-018,MS10S3029-013
MS11S2058-019,MS10S3034-018,MS10S3029-013
MS11S2058-020,MS10S3034-018,MS10S3029-013
MS11S2058-021,MS10S3034-018,MS10S3029-013
MS11S2058-022,MS10S3034-018,MS10S3029-013
MS11S2058-023,MS10S3034-018,MS10S3029-013
MS11S2058-024,MS10S3034-018,MS10S3029-013
MS11S2059-001,MS10S3034-019,MS10S3031-013
MS11S2059-002,MS10S3034-019,MS10S3031-013
MS11S2059-003,MS10S3034-019,MS10S3031-013
MS11S2059-004,MS10S3034-019,MS10S3031-013
MS11S2059-005,MS10S3034-019,MS10S3031-013
MS11S2059-006,MS10S3034-019,MS10S3031-013
MS11S2059-007,MS10S3034-019,MS10S3031-013
MS11S2059-008,MS10S3034-019,MS10S3031-013
MS11S2059-009,MS10S3034-019,MS10S3031-013
MS11S2059-010,MS10S3034-019,MS10S3031-013
MS11S2059-011,MS10S3034-019,MS10S3031-013
MS11S2059-012,MS10S3034-019,MS10S3031-013
MS11S2059-013,MS10S3034-019,MS10S3031-013
MS11S2059-014,MS10S3034-019,MS10S3031-013
MS11S2059-015,MS10S3034-019,MS10S3031-013
MS11S2059-016,MS10S3034-019,MS10S3031-013
MS11S2059-017,MS10S3034-019,MS10S3031-013
MS11S2059-018,MS10S3034-019,MS10S3031-013
MS11S2059-019,MS10S3034-019,MS10S3031-013
MS11S2059-020,MS10S3034-019,MS10S3031-013
MS11S2059-021,MS10S3034-019,MS10S3031-013
MS11S2059-022,MS10S3034-019,MS10S3031-013
MS11S2059-023,MS10S3034-019,MS10S3031-013
MS11S2059-024,MS10S3034-019,MS10S3031-013
MS11S2063-001,MS10S3037-010,MS10S3014-007
MS11S2063-002,MS10S3037-010,MS10S3014-007
MS11S2063-003,MS10S3037-010,MS10S3014-007
MS11S2063-004,MS10S3037-010,MS10S3014-007
MS11S2063-005,MS10S3037-010,MS10S3014-007
MS11S2063-006,MS10S3037-010,MS10S3014-007
MS11S2063-007,MS10S3037-010,MS10S3014-007
MS11S2063-008,MS10S3037-010,MS10S3014-007
MS11S2063-009,MS10S3037-010,MS10S3014-007
MS11S2063-010,MS10S3037-010,MS10S3014-007
MS11S2063-011,MS10S3037-010,MS10S3014-007
MS11S2063-012,MS10S3037-010,MS10S3014-007
MS11S2063-013,MS10S3037-010,MS10S3014-007
MS11S2063-014,MS10S3037-010,MS10S3014-007
MS11S2063-015,MS10S3037-010,MS10S3014-007
MS11S2063-016,MS10S3037-010,MS10S3014-007
MS11S2063-017,MS10S3037-010,MS10S3014-007
MS11S2063-018,MS10S3037-010,MS10S3014-007
MS11S2063-019,MS10S3037-010,MS10S3014-007
MS11S2063-020,MS10S3037-010,MS10S3014-007
MS11S2063-021,MS10S3037-010,MS10S3014-007
MS11S2063-022,MS10S3037-010,MS10S3014-007
MS11S2063-023,MS10S3037-010,MS10S3014-007
MS11S2063-024,MS10S3037-010,MS10S3014-007
MS11S2064-001,MS10S3037-010,MS10S3045-010
MS11S2064-002,MS10S3037-010,MS10S3045-010
MS11S2064-003,MS10S3037-010,MS10S3045-010
MS11S2064-004,MS10S3037-010,MS10S3045-010
MS11S2064-005,MS10S3037-010,MS10S3045-010
MS11S2064-006,MS10S3037-010,MS10S3045-010
MS11S2064-007,MS10S3037-010,MS10S3045-010
MS11S2064-008,MS10S3037-010,MS10S3045-010
MS11S2064-009,MS10S3037-010,MS10S3045-010
MS11S2064-010,MS10S3037-010,MS10S3045-010
MS11S2064-011,MS10S3037-010,MS10S3045-010
MS11S2064-012,MS10S3037-010,MS10S3045-010
MS11S2064-013,MS10S3037-010,MS10S3045-010
MS11S2064-014,MS10S3037-010,MS10S3045-010
MS11S2064-015,MS10S3037-010,MS10S3045-010
MS11S2064-016,MS10S3037-010,MS10S3045-010
MS11S2064-017,MS10S3037-010,MS10S3045-010
MS11S2064-018,MS10S3037-010,MS10S3045-010
MS11S2064-019,MS10S3037-010,MS10S3045-010
MS11S2064-020,MS10S3037-010,MS10S3045-010
MS11S2064-021,MS10S3037-010,MS10S3045-010
MS11S2064-022,MS10S3037-010,MS10S3045-010
MS11S2064-023,MS10S3037-010,MS10S3045-010
MS11S2064-024,MS10S3037-010,MS10S3045-010
MS11S2065-001,MS10S3040-004,MS10S3001-019
MS11S2065-002,MS10S3040-004,MS10S3001-019
MS11S2065-003,MS10S3040-004,MS10S3001-019
MS11S2065-004,MS10S3040-004,MS10S3001-019
MS11S2065-005,MS10S3040-004,MS10S3001-019
MS11S2065-006,MS10S3040-004,MS10S3001-019
MS11S2065-007,MS10S3040-004,MS10S3001-019
MS11S2065-008,MS10S3040-004,MS10S3001-019
MS11S2065-009,MS10S3040-004,MS10S3001-019
MS11S2065-010,MS10S3040-004,MS10S3001-019
MS11S2065-011,MS10S3040-004,MS10S3001-019
MS11S2065-012,MS10S3040-004,MS10S3001-019
MS11S2065-013,MS10S3040-004,MS10S3001-019
MS11S2065-014,MS10S3040-004,MS10S3001-019
MS11S2065-015,MS10S3040-004,MS10S3001-019
MS11S2065-016,MS10S3040-004,MS10S3001-019
MS11S2065-017,MS10S3040-004,MS10S3001-019
MS11S2065-018,MS10S3040-004,MS10S3001-019
MS11S2065-019,MS10S3040-004,MS10S3001-019
MS11S2065-020,MS10S3040-004,MS10S3001-019
MS11S2065-021,MS10S3040-004,MS10S3001-019
MS11S2065-022,MS10S3040-004,MS10S3001-019
MS11S2065-023,MS10S3040-004,MS10S3001-019
MS11S2065-024,MS10S3040-004,MS10S3001-019
MS11S2066-001,MS10S3041-010,MS10S3013-006
MS11S2066-002,MS10S3041-010,MS10S3013-006
MS11S2066-003,MS10S3041-010,MS10S3013-006
MS11S2066-004,MS10S3041-010,MS10S3013-006
MS11S2066-005,MS10S3041-010,MS10S3013-006
MS11S2066-006,MS10S3041-010,MS10S3013-006
MS11S2066-007,MS10S3041-010,MS10S3013-006
MS11S2066-008,MS10S3041-010,MS10S3013-006
MS11S2066-009,MS10S3041-010,MS10S3013-006
MS11S2066-010,MS10S3041-010,MS10S3013-006
MS11S2066-011,MS10S3041-010,MS10S3013-006
MS11S2066-012,MS10S3041-010,MS10S3013-006
MS11S2066-013,MS10S3041-010,MS10S3013-006
MS11S2066-014,MS10S3041-010,MS10S3013-006
MS11S2066-015,MS10S3041-010,MS10S3013-006
MS11S2066-016,MS10S3041-010,MS10S3013-006
MS11S2066-017,MS10S3041-010,MS10S3013-006
MS11S2066-018,MS10S3041-010,MS10S3013-006
MS11S2066-019,MS10S3041-010,MS10S3013-006
MS11S2066-020,MS10S3041-010,MS10S3013-006
MS11S2066-021,MS10S3041-010,MS10S3013-006
MS11S2066-022,MS10S3041-010,MS10S3013-006
MS11S2066-023,MS10S3041-010,MS10S3013-006
MS11S2066-024,MS10S3041-010,MS10S3013-006
MS11S2067-001,MS10S3041-010,MS10S3012-012
MS11S2067-002,MS10S3041-010,MS10S3012-012
MS11S2067-003,MS10S3041-010,MS10S3012-012
MS11S2067-004,MS10S3041-010,MS10S3012-012
MS11S2067-005,MS10S3041-010,MS10S3012-012
MS11S2067-006,MS10S3041-010,MS10S3012-012
MS11S2067-007,MS10S3041-010,MS10S3012-012
MS11S2067-008,MS10S3041-010,MS10S3012-012
MS11S2067-009,MS10S3041-010,MS10S3012-012
MS11S2067-010,MS10S3041-010,MS10S3012-012
MS11S2067-011,MS10S3041-010,MS10S3012-012
MS11S2067-012,MS10S3041-010,MS10S3012-012
MS11S2067-013,MS10S3041-010,MS10S3012-012
MS11S2067-014,MS10S3041-010,MS10S3012-012
MS11S2067-015,MS10S3041-010,MS10S3012-012
MS11S2067-016,MS10S3041-010,MS10S3012-012
MS11S2067-017,MS10S3041-010,MS10S3012-012
MS11S2067-018,MS10S3041-010,MS10S3012-012
MS11S2067-019,MS10S3041-010,MS10S3012-012
MS11S2067-020,MS10S3041-010,MS10S3012-012
MS11S2067-021,MS10S3041-010,MS10S3012-012
MS11S2067-022,MS10S3041-010,MS10S3012-012
MS11S2067-023,MS10S3041-010,MS10S3012-012
MS11S2067-024,MS10S3041-010,MS10S3012-012
MS11S2068-001,MS10S3045-010,MS10S3056-008
MS11S2068-002,MS10S3045-010,MS10S3056-008
MS11S2068-003,MS10S3045-010,MS10S3056-008
MS11S2068-004,MS10S3045-010,MS10S3056-008
MS11S2068-005,MS10S3045-010,MS10S3056-008
MS11S2068-006,MS10S3045-010,MS10S3056-008
MS11S2068-007,MS10S3045-010,MS10S3056-008
MS11S2068-008,MS10S3045-010,MS10S3056-008
MS11S2068-009,MS10S3045-010,MS10S3056-008
MS11S2068-010,MS10S3045-010,MS10S3056-008
MS11S2068-011,MS10S3045-010,MS10S3056-008
MS11S2068-012,MS10S3045-010,MS10S3056-008
MS11S2068-013,MS10S3045-010,MS10S3056-008
MS11S2068-014,MS10S3045-010,MS10S3056-008
MS11S2068-015,MS10S3045-010,MS10S3056-008
MS11S2068-016,MS10S3045-010,MS10S3056-008
MS11S2068-017,MS10S3045-010,MS10S3056-008
MS11S2068-018,MS10S3045-010,MS10S3056-008
MS11S2068-019,MS10S3045-010,MS10S3056-008
MS11S2068-020,MS10S3045-010,MS10S3056-008
MS11S2068-021,MS10S3045-010,MS10S3056-008
MS11S2068-022,MS10S3045-010,MS10S3056-008
MS11S2068-023,MS10S3045-010,MS10S3056-008
MS11S2068-024,MS10S3045-010,MS10S3056-008
MS11S2069-001,MS10S3046-019,MS10S3055-008
MS11S2069-002,MS10S3046-019,MS10S3055-008
MS11S2069-003,MS10S3046-019,MS10S3055-008
MS11S2069-004,MS10S3046-019,MS10S3055-008
MS11S2069-005,MS10S3046-019,MS10S3055-008
MS11S2069-006,MS10S3046-019,MS10S3055-008
MS11S2069-007,MS10S3046-019,MS10S3055-008
MS11S2069-008,MS10S3046-019,MS10S3055-008
MS11S2069-009,MS10S3046-019,MS10S3055-008
MS11S2069-010,MS10S3046-019,MS10S3055-008
MS11S2069-011,MS10S3046-019,MS10S3055-008
MS11S2069-012,MS10S3046-019,MS10S3055-008
MS11S2069-013,MS10S3046-019,MS10S3055-008
MS11S2069-014,MS10S3046-019,MS10S3055-008
MS11S2069-015,MS10S3046-019,MS10S3055-008
MS11S2069-016,MS10S3046-019,MS10S3055-008
MS11S2069-017,MS10S3046-019,MS10S3055-008
MS11S2069-018,MS10S3046-019,MS10S3055-008
MS11S2069-019,MS10S3046-019,MS10S3055-008
MS11S2069-020,MS10S3046-019,MS10S3055-008
MS11S2069-021,MS10S3046-019,MS10S3055-008
MS11S2069-022,MS10S3046-019,MS10S3055-008
MS11S2069-023,MS10S3046-019,MS10S3055-008
MS11S2069-024,MS10S3046-019,MS10S3055-008
MS11S2070-001,MS10S3048-002,MS10S3055-008
MS11S2070-002,MS10S3048-002,MS10S3055-008
MS11S2070-003,MS10S3048-002,MS10S3055-008
MS11S2070-004,MS10S3048-002,MS10S3055-008
MS11S2070-005,MS10S3048-002,MS10S3055-008
MS11S2070-006,MS10S3048-002,MS10S3055-008
MS11S2070-007,MS10S3048-002,MS10S3055-008
MS11S2070-008,MS10S3048-002,MS10S3055-008
MS11S2070-009,MS10S3048-002,MS10S3055-008
MS11S2070-010,MS10S3048-002,MS10S3055-008
MS11S2070-011,MS10S3048-002,MS10S3055-008
MS11S2070-012,MS10S3048-002,MS10S3055-008
MS11S2070-013,MS10S3048-002,MS10S3055-008
MS11S2070-014,MS10S3048-002,MS10S3055-008
MS11S2070-015,MS10S3048-002,MS10S3055-008
MS11S2070-016,MS10S3048-002,MS10S3055-008
MS11S2070-017,MS10S3048-002,MS10S3055-008
MS11S2070-018,MS10S3048-002,MS10S3055-008
MS11S2070-019,MS10S3048-002,MS10S3055-008
MS11S2070-020,MS10S3048-002,MS10S3055-008
MS11S2070-021,MS10S3048-002,MS10S3055-008
MS11S2070-022,MS10S3048-002,MS10S3055-008
MS11S2070-023,MS10S3048-002,MS10S3055-008
MS11S2070-024,MS10S3048-002,MS10S3055-008
MS11S2072-001,MS10S3049-003,MS10S3015-002
MS11S2072-002,MS10S3049-003,MS10S3015-002
MS11S2072-003,MS10S3049-003,MS10S3015-002
MS11S2072-004,MS10S3049-003,MS10S3015-002
MS11S2072-005,MS10S3049-003,MS10S3015-002
MS11S2072-006,MS10S3049-003,MS10S3015-002
MS11S2072-007,MS10S3049-003,MS10S3015-002
MS11S2072-008,MS10S3049-003,MS10S3015-002
MS11S2072-009,MS10S3049-003,MS10S3015-002
MS11S2072-010,MS10S3049-003,MS10S3015-002
MS11S2072-011,MS10S3049-003,MS10S3015-002
MS11S2072-012,MS10S3049-003,MS10S3015-002
MS11S2072-013,MS10S3049-003,MS10S3015-002
MS11S2072-014,MS10S3049-003,MS10S3015-002
MS11S2072-015,MS10S3049-003,MS10S3015-002
MS11S2072-016,MS10S3049-003,MS10S3015-002
MS11S2072-017,MS10S3049-003,MS10S3015-002
MS11S2072-018,MS10S3049-003,MS10S3015-002
MS11S2072-019,MS10S3049-003,MS10S3015-002
MS11S2072-020,MS10S3049-003,MS10S3015-002
MS11S2072-021,MS10S3049-003,MS10S3015-002
MS11S2072-022,MS10S3049-003,MS10S3015-002
MS11S2072-023,MS10S3049-003,MS10S3015-002
MS11S2072-024,MS10S3049-003,MS10S3015-002
MS11S2073-001,MS10S3049-009,MS10S3048-002
MS11S2073-002,MS10S3049-009,MS10S3048-002
MS11S2073-003,MS10S3049-009,MS10S3048-002
MS11S2073-004,MS10S3049-009,MS10S3048-002
MS11S2073-005,MS10S3049-009,MS10S3048-002
MS11S2073-006,MS10S3049-009,MS10S3048-002
MS11S2073-007,MS10S3049-009,MS10S3048-002
MS11S2073-008,MS10S3049-009,MS10S3048-002
MS11S2073-009,MS10S3049-009,MS10S3048-002
MS11S2073-010,MS10S3049-009,MS10S3048-002
MS11S2073-011,MS10S3049-009,MS10S3048-002
MS11S2073-012,MS10S3049-009,MS10S3048-002
MS11S2073-013,MS10S3049-009,MS10S3048-002
MS11S2073-014,MS10S3049-009,MS10S3048-002
MS11S2073-015,MS10S3049-009,MS10S3048-002
MS11S2073-016,MS10S3049-009,MS10S3048-002
MS11S2073-017,MS10S3049-009,MS10S3048-002
MS11S2073-018,MS10S3049-009,MS10S3048-002
MS11S2073-019,MS10S3049-009,MS10S3048-002
MS11S2073-020,MS10S3049-009,MS10S3048-002
MS11S2073-021,MS10S3049-009,MS10S3048-002
MS11S2073-022,MS10S3049-009,MS10S3048-002
MS11S2073-023,MS10S3049-009,MS10S3048-002
MS11S2073-024,MS10S3049-009,MS10S3048-002
MS11S2075-001,MS10S3050-024,MS10S3049-003
MS11S2075-002,MS10S3050-024,MS10S3049-003
MS11S2075-003,MS10S3050-024,MS10S3049-003
MS11S2075-004,MS10S3050-024,MS10S3049-003
MS11S2075-005,MS10S3050-024,MS10S3049-003
MS11S2075-006,MS10S3050-024,MS10S3049-003
MS11S2075-007,MS10S3050-024,MS10S3049-003
MS11S2075-008,MS10S3050-024,MS10S3049-003
MS11S2075-009,MS10S3050-024,MS10S3049-003
MS11S2075-010,MS10S3050-024,MS10S3049-003
MS11S2075-011,MS10S3050-024,MS10S3049-003
MS11S2075-012,MS10S3050-024,MS10S3049-003
MS11S2075-013,MS10S3050-024,MS10S3049-003
MS11S2075-014,MS10S3050-024,MS10S3049-003
MS11S2075-015,MS10S3050-024,MS10S3049-003
MS11S2075-016,MS10S3050-024,MS10S3049-003
MS11S2075-017,MS10S3050-024,MS10S3049-003
MS11S2075-018,MS10S3050-024,MS10S3049-003
MS11S2075-019,MS10S3050-024,MS10S3049-003
MS11S2075-020,MS10S3050-024,MS10S3049-003
MS11S2075-021,MS10S3050-024,MS10S3049-003
MS11S2075-022,MS10S3050-024,MS10S3049-003
MS11S2075-023,MS10S3050-024,MS10S3049-003
MS11S2075-024,MS10S3050-024,MS10S3049-003
MS11S2076-001,MS10S3053-015,MS10S3019-015
MS11S2076-002,MS10S3053-015,MS10S3019-015
MS11S2076-003,MS10S3053-015,MS10S3019-015
MS11S2076-004,MS10S3053-015,MS10S3019-015
MS11S2076-005,MS10S3053-015,MS10S3019-015
MS11S2076-006,MS10S3053-015,MS10S3019-015
MS11S2076-007,MS10S3053-015,MS10S3019-015
MS11S2076-008,MS10S3053-015,MS10S3019-015
MS11S2076-009,MS10S3053-015,MS10S3019-015
MS11S2076-010,MS10S3053-015,MS10S3019-015
MS11S2076-011,MS10S3053-015,MS10S3019-015
MS11S2076-012,MS10S3053-015,MS10S3019-015
MS11S2076-013,MS10S3053-015,MS10S3019-015
MS11S2076-014,MS10S3053-015,MS10S3019-015
MS11S2076-015,MS10S3053-015,MS10S3019-015
MS11S2076-016,MS10S3053-015,MS10S3019-015
MS11S2076-017,MS10S3053-015,MS10S3019-015
MS11S2076-018,MS10S3053-015,MS10S3019-015
MS11S2076-019,MS10S3053-015,MS10S3019-015
MS11S2076-020,MS10S3053-015,MS10S3019-015
MS11S2076-021,MS10S3053-015,MS10S3019-015
MS11S2076-022,MS10S3053-015,MS10S3019-015
MS11S2076-023,MS10S3053-015,MS10S3019-015
MS11S2076-024,MS10S3053-015,MS10S3019-015
MS11S2077-001,MS10S3053-015,MS10S3040-004
MS11S2077-002,MS10S3053-015,MS10S3040-004
MS11S2077-003,MS10S3053-015,MS10S3040-004
MS11S2077-004,MS10S3053-015,MS10S3040-004
MS11S2077-005,MS10S3053-015,MS10S3040-004
MS11S2077-006,MS10S3053-015,MS10S3040-004
MS11S2077-007,MS10S3053-015,MS10S3040-004
MS11S2077-008,MS10S3053-015,MS10S3040-004
MS11S2077-009,MS10S3053-015,MS10S3040-004
MS11S2077-010,MS10S3053-015,MS10S3040-004
MS11S2077-011,MS10S3053-015,MS10S3040-004
MS11S2077-012,MS10S3053-015,MS10S3040-004
MS11S2077-013,MS10S3053-015,MS10S3040-004
MS11S2077-014,MS10S3053-015,MS10S3040-004
MS11S2077-015,MS10S3053-015,MS10S3040-004
MS11S2077-016,MS10S3053-015,MS10S3040-004
MS11S2077-017,MS10S3053-015,MS10S3040-004
MS11S2077-018,MS10S3053-015,MS10S3040-004
MS11S2077-019,MS10S3053-015,MS10S3040-004
MS11S2077-020,MS10S3053-015,MS10S3040-004
MS11S2077-021,MS10S3053-015,MS10S3040-004
MS11S2077-022,MS10S3053-015,MS10S3040-004
MS11S2077-023,MS10S3053-015,MS10S3040-004
MS11S2077-024,MS10S3053-015,MS10S3040-004
MS11S2078-001,MS10S3053-016,MS10S3050-024
MS11S2078-002,MS10S3053-016,MS10S3050-024
MS11S2078-003,MS10S3053-016,MS10S3050-024
MS11S2078-004,MS10S3053-016,MS10S3050-024
MS11S2078-005,MS10S3053-016,MS10S3050-024
MS11S2078-006,MS10S3053-016,MS10S3050-024
MS11S2078-007,MS10S3053-016,MS10S3050-024
MS11S2078-008,MS10S3053-016,MS10S3050-024
MS11S2078-009,MS10S3053-016,MS10S3050-024
MS11S2078-010,MS10S3053-016,MS10S3050-024
MS11S2078-011,MS10S3053-016,MS10S3050-024
MS11S2078-012,MS10S3053-016,MS10S3050-024
MS11S2078-013,MS10S3053-016,MS10S3050-024
MS11S2078-014,MS10S3053-016,MS10S3050-024
MS11S2078-015,MS10S3053-016,MS10S3050-024
MS11S2078-016,MS10S3053-016,MS10S3050-024
MS11S2078-017,MS10S3053-016,MS10S3050-024
MS11S2078-018,MS10S3053-016,MS10S3050-024
MS11S2078-019,MS10S3053-016,MS10S3050-024
MS11S2078-020,MS10S3053-016,MS10S3050-024
MS11S2078-021,MS10S3053-016,MS10S3050-024
MS11S2078-022,MS10S3053-016,MS10S3050-024
MS11S2078-023,MS10S3053-016,MS10S3050-024
MS11S2078-024,MS10S3053-016,MS10S3050-024
MS11S2079-001,MS10S3055-006,MS10S3012-012
MS11S2079-002,MS10S3055-006,MS10S3012-012
MS11S2079-003,MS10S3055-006,MS10S3012-012
MS11S2079-004,MS10S3055-006,MS10S3012-012
MS11S2079-005,MS10S3055-006,MS10S3012-012
MS11S2079-006,MS10S3055-006,MS10S3012-012
MS11S2079-007,MS10S3055-006,MS10S3012-012
MS11S2079-008,MS10S3055-006,MS10S3012-012
MS11S2079-009,MS10S3055-006,MS10S3012-012
MS11S2079-010,MS10S3055-006,MS10S3012-012
MS11S2079-011,MS10S3055-006,MS10S3012-012
MS11S2079-012,MS10S3055-006,MS10S3012-012
MS11S2079-013,MS10S3055-006,MS10S3012-012
MS11S2079-014,MS10S3055-006,MS10S3012-012
MS11S2079-015,MS10S3055-006,MS10S3012-012
MS11S2079-016,MS10S3055-006,MS10S3012-012
MS11S2079-017,MS10S3055-006,MS10S3012-012
MS11S2079-018,MS10S3055-006,MS10S3012-012
MS11S2079-019,MS10S3055-006,MS10S3012-012
MS11S2079-020,MS10S3055-006,MS10S3012-012
MS11S2079-021,MS10S3055-006,MS10S3012-012
MS11S2079-022,MS10S3055-006,MS10S3012-012
MS11S2079-023,MS10S3055-006,MS10S3012-012
MS11S2079-024,MS10S3055-006,MS10S3012-012
MS11S2080-001,MS10S3055-006,MS10S3018-006
MS11S2080-002,MS10S3055-006,MS10S3018-006
MS11S2080-003,MS10S3055-006,MS10S3018-006
MS11S2080-004,MS10S3055-006,MS10S3018-006
MS11S2080-005,MS10S3055-006,MS10S3018-006
MS11S2080-006,MS10S3055-006,MS10S3018-006
MS11S2080-007,MS10S3055-006,MS10S3018-006
MS11S2080-008,MS10S3055-006,MS10S3018-006
MS11S2080-009,MS10S3055-006,MS10S3018-006
MS11S2080-010,MS10S3055-006,MS10S3018-006
MS11S2080-011,MS10S3055-006,MS10S3018-006
MS11S2080-012,MS10S3055-006,MS10S3018-006
MS11S2080-013,MS10S3055-006,MS10S3018-006
MS11S2080-014,MS10S3055-006,MS10S3018-006
MS11S2080-015,MS10S3055-006,MS10S3018-006
MS11S2080-016,MS10S3055-006,MS10S3018-006
MS11S2080-017,MS10S3055-006,MS10S3018-006
MS11S2080-018,MS10S3055-006,MS10S3018-006
MS11S2080-019,MS10S3055-006,MS10S3018-006
MS11S2080-020,MS10S3055-006,MS10S3018-006
MS11S2080-021,MS10S3055-006,MS10S3018-006
MS11S2080-022,MS10S3055-006,MS10S3018-006
MS11S2080-023,MS10S3055-006,MS10S3018-006
MS11S2080-024,MS10S3055-006,MS10S3018-006
MS11S2082-001,MS10S3055-010,MS10S3032-010
MS11S2082-002,MS10S3055-010,MS10S3032-010
MS11S2082-003,MS10S3055-010,MS10S3032-010
MS11S2082-004,MS10S3055-010,MS10S3032-010
MS11S2082-005,MS10S3055-010,MS10S3032-010
MS11S2082-006,MS10S3055-010,MS10S3032-010
MS11S2082-007,MS10S3055-010,MS10S3032-010
MS11S2082-008,MS10S3055-010,MS10S3032-010
MS11S2082-009,MS10S3055-010,MS10S3032-010
MS11S2082-010,MS10S3055-010,MS10S3032-010
MS11S2082-011,MS10S3055-010,MS10S3032-010
MS11S2082-012,MS10S3055-010,MS10S3032-010
MS11S2082-013,MS10S3055-010,MS10S3032-010
MS11S2082-014,MS10S3055-010,MS10S3032-010
MS11S2082-015,MS10S3055-010,MS10S3032-010
MS11S2082-016,MS10S3055-010,MS10S3032-010
MS11S2082-017,MS10S3055-010,MS10S3032-010
MS11S2082-018,MS10S3055-010,MS10S3032-010
MS11S2082-019,MS10S3055-010,MS10S3032-010
MS11S2082-020,MS10S3055-010,MS10S3032-010
MS11S2082-021,MS10S3055-010,MS10S3032-010
MS11S2082-022,MS10S3055-010,MS10S3032-010
MS11S2082-023,MS10S3055-010,MS10S3032-010
MS11S2082-024,MS10S3055-010,MS10S3032-010
MS11S2087-001,MS10S3056-020,MS10S3048-002
MS11S2087-002,MS10S3056-020,MS10S3048-002
MS11S2087-003,MS10S3056-020,MS10S3048-002
MS11S2087-004,MS10S3056-020,MS10S3048-002
MS11S2087-005,MS10S3056-020,MS10S3048-002
MS11S2087-006,MS10S3056-020,MS10S3048-002
MS11S2087-007,MS10S3056-020,MS10S3048-002
MS11S2087-008,MS10S3056-020,MS10S3048-002
MS11S2087-009,MS10S3056-020,MS10S3048-002
MS11S2087-010,MS10S3056-020,MS10S3048-002
MS11S2087-011,MS10S3056-020,MS10S3048-002
MS11S2087-012,MS10S3056-020,MS10S3048-002
MS11S2087-013,MS10S3056-020,MS10S3048-002
MS11S2087-014,MS10S3056-020,MS10S3048-002
MS11S2087-015,MS10S3056-020,MS10S3048-002
MS11S2087-016,MS10S3056-020,MS10S3048-002
MS11S2087-017,MS10S3056-020,MS10S3048-002
MS11S2087-018,MS10S3056-020,MS10S3048-002
MS11S2087-019,MS10S3056-020,MS10S3048-002
MS11S2087-020,MS10S3056-020,MS10S3048-002
MS11S2087-021,MS10S3056-020,MS10S3048-002
MS11S2087-022,MS10S3056-020,MS10S3048-002
MS11S2087-023,MS10S3056-020,MS10S3048-002
MS11S2087-024,MS10S3056-020,MS10S3048-002
MS11S2090-001,MS10S3063-013,MS10S3014-016
MS11S2090-002,MS10S3063-013,MS10S3014-016
MS11S2090-003,MS10S3063-013,MS10S3014-016
MS11S2090-004,MS10S3063-013,MS10S3014-016
MS11S2090-005,MS10S3063-013,MS10S3014-016
MS11S2090-006,MS10S3063-013,MS10S3014-016
MS11S2090-007,MS10S3063-013,MS10S3014-016
MS11S2090-008,MS10S3063-013,MS10S3014-016
MS11S2090-009,MS10S3063-013,MS10S3014-016
MS11S2090-010,MS10S3063-013,MS10S3014-016
MS11S2090-011,MS10S3063-013,MS10S3014-016
MS11S2090-012,MS10S3063-013,MS10S3014-016
MS11S2090-013,MS10S3063-013,MS10S3014-016
MS11S2090-014,MS10S3063-013,MS10S3014-016
MS11S2090-015,MS10S3063-013,MS10S3014-016
MS11S2090-016,MS10S3063-013,MS10S3014-016
MS11S2090-017,MS10S3063-013,MS10S3014-016
MS11S2090-018,MS10S3063-013,MS10S3014-016
MS11S2090-019,MS10S3063-013,MS10S3014-016
MS11S2090-020,MS10S3063-013,MS10S3014-016
MS11S2090-021,MS10S3063-013,MS10S3014-016
MS11S2090-022,MS10S3063-013,MS10S3014-016
MS11S2090-023,MS10S3063-013,MS10S3014-016
MS11S2090-024,MS10S3063-013,MS10S3014-016
MS11S2091-001,MS10S3063-013,MS10S3036-002
MS11S2091-002,MS10S3063-013,MS10S3036-002
MS11S2091-003,MS10S3063-013,MS10S3036-002
MS11S2091-004,MS10S3063-013,MS10S3036-002
MS11S2091-005,MS10S3063-013,MS10S3036-002
MS11S2091-006,MS10S3063-013,MS10S3036-002
MS11S2091-007,MS10S3063-013,MS10S3036-002
MS11S2091-008,MS10S3063-013,MS10S3036-002
MS11S2091-009,MS10S3063-013,MS10S3036-002
MS11S2091-010,MS10S3063-013,MS10S3036-002
MS11S2091-011,MS10S3063-013,MS10S3036-002
MS11S2091-012,MS10S3063-013,MS10S3036-002
MS11S2091-013,MS10S3063-013,MS10S3036-002
MS11S2091-014,MS10S3063-013,MS10S3036-002
MS11S2091-015,MS10S3063-013,MS10S3036-002
MS11S2091-016,MS10S3063-013,MS10S3036-002
MS11S2091-017,MS10S3063-013,MS10S3036-002
MS11S2091-018,MS10S3063-013,MS10S3036-002
MS11S2091-019,MS10S3063-013,MS10S3036-002
MS11S2091-020,MS10S3063-013,MS10S3036-002
MS11S2091-021,MS10S3063-013,MS10S3036-002
MS11S2091-022,MS10S3063-013,MS10S3036-002
MS11S2091-023,MS10S3063-013,MS10S3036-002
MS11S2091-024,MS10S3063-013,MS10S3036-002
MS11S2092-001,MS10S3063-013,MS10S3008-003
MS11S2092-002,MS10S3063-013,MS10S3008-003
MS11S2092-003,MS10S3063-013,MS10S3008-003
MS11S2092-004,MS10S3063-013,MS10S3008-003
MS11S2092-005,MS10S3063-013,MS10S3008-003
MS11S2092-006,MS10S3063-013,MS10S3008-003
MS11S2092-007,MS10S3063-013,MS10S3008-003
MS11S2092-008,MS10S3063-013,MS10S3008-003
MS11S2092-009,MS10S3063-013,MS10S3008-003
MS11S2092-010,MS10S3063-013,MS10S3008-003
MS11S2092-011,MS10S3063-013,MS10S3008-003
MS11S2092-012,MS10S3063-013,MS10S3008-003
MS11S2092-013,MS10S3063-013,MS10S3008-003
MS11S2092-014,MS10S3063-013,MS10S3008-003
MS11S2092-015,MS10S3063-013,MS10S3008-003
MS11S2092-016,MS10S3063-013,MS10S3008-003
MS11S2092-017,MS10S3063-013,MS10S3008-003
MS11S2092-018,MS10S3063-013,MS10S3008-003
MS11S2092-019,MS10S3063-013,MS10S3008-003
MS11S2092-020,MS10S3063-013,MS10S3008-003
MS11S2092-021,MS10S3063-013,MS10S3008-003
MS11S2092-022,MS10S3063-013,MS10S3008-003
MS11S2092-023,MS10S3063-013,MS10S3008-003
MS11S2092-024,MS10S3063-013,MS10S3008-003
MS11S2097-001,MS10S3085-020,MS10S3008-004
MS11S2097-002,MS10S3085-020,MS10S3008-004
MS11S2097-003,MS10S3085-020,MS10S3008-004
MS11S2097-004,MS10S3085-020,MS10S3008-004
MS11S2097-005,MS10S3085-020,MS10S3008-004
MS11S2097-006,MS10S3085-020,MS10S3008-004
MS11S2097-007,MS10S3085-020,MS10S3008-004
MS11S2097-008,MS10S3085-020,MS10S3008-004
MS11S2097-009,MS10S3085-020,MS10S3008-004
MS11S2097-010,MS10S3085-020,MS10S3008-004
MS11S2097-011,MS10S3085-020,MS10S3008-004
MS11S2097-012,MS10S3085-020,MS10S3008-004
MS11S2097-013,MS10S3085-020,MS10S3008-004
MS11S2097-014,MS10S3085-020,MS10S3008-004
MS11S2097-015,MS10S3085-020,MS10S3008-004
MS11S2097-016,MS10S3085-020,MS10S3008-004
MS11S2097-017,MS10S3085-020,MS10S3008-004
MS11S2097-018,MS10S3085-020,MS10S3008-004
MS11S2097-019,MS10S3085-020,MS10S3008-004
MS11S2097-020,MS10S3085-020,MS10S3008-004
MS11S2097-021,MS10S3085-020,MS10S3008-004
MS11S2097-022,MS10S3085-020,MS10S3008-004
MS11S2097-023,MS10S3085-020,MS10S3008-004
MS11S2097-024,MS10S3085-020,MS10S3008-004
MS11S2101-001,MS10S3096-007,MS10S3094-009
MS11S2101-002,MS10S3096-007,MS10S3094-009
MS11S2101-003,MS10S3096-007,MS10S3094-009
MS11S2101-004,MS10S3096-007,MS10S3094-009
MS11S2101-005,MS10S3096-007,MS10S3094-009
MS11S2101-006,MS10S3096-007,MS10S3094-009
MS11S2101-007,MS10S3096-007,MS10S3094-009
MS11S2101-008,MS10S3096-007,MS10S3094-009
MS11S2101-009,MS10S3096-007,MS10S3094-009
MS11S2101-010,MS10S3096-007,MS10S3094-009
MS11S2101-011,MS10S3096-007,MS10S3094-009
MS11S2101-012,MS10S3096-007,MS10S3094-009
MS11S2101-013,MS10S3096-007,MS10S3094-009
MS11S2101-014,MS10S3096-007,MS10S3094-009
MS11S2101-015,MS10S3096-007,MS10S3094-009
MS11S2101-016,MS10S3096-007,MS10S3094-009
MS11S2101-017,MS10S3096-007,MS10S3094-009
MS11S2101-018,MS10S3096-007,MS10S3094-009
MS11S2101-019,MS10S3096-007,MS10S3094-009
MS11S2101-020,MS10S3096-007,MS10S3094-009
MS11S2101-021,MS10S3096-007,MS10S3094-009
MS11S2101-022,MS10S3096-007,MS10S3094-009
MS11S2101-023,MS10S3096-007,MS10S3094-009
MS11S2101-024,MS10S3096-007,MS10S3094-009
MS11S2103-001,MS10S3096-008,MS10S3097-011
MS11S2103-002,MS10S3096-008,MS10S3097-011
MS11S2103-003,MS10S3096-008,MS10S3097-011
MS11S2103-004,MS10S3096-008,MS10S3097-011
MS11S2103-005,MS10S3096-008,MS10S3097-011
MS11S2103-006,MS10S3096-008,MS10S3097-011
MS11S2103-007,MS10S3096-008,MS10S3097-011
MS11S2103-008,MS10S3096-008,MS10S3097-011
MS11S2103-009,MS10S3096-008,MS10S3097-011
MS11S2103-010,MS10S3096-008,MS10S3097-011
MS11S2103-011,MS10S3096-008,MS10S3097-011
MS11S2103-012,MS10S3096-008,MS10S3097-011
MS11S2103-013,MS10S3096-008,MS10S3097-011
MS11S2103-014,MS10S3096-008,MS10S3097-011
MS11S2103-015,MS10S3096-008,MS10S3097-011
MS11S2103-016,MS10S3096-008,MS10S3097-011
MS11S2103-017,MS10S3096-008,MS10S3097-011
MS11S2103-018,MS10S3096-008,MS10S3097-011
MS11S2103-019,MS10S3096-008,MS10S3097-011
MS11S2103-020,MS10S3096-008,MS10S3097-011
MS11S2103-021,MS10S3096-008,MS10S3097-011
MS11S2103-022,MS10S3096-008,MS10S3097-011
MS11S2103-023,MS10S3096-008,MS10S3097-011
MS11S2103-024,MS10S3096-008,MS10S3097-011
MS11S2106-001,MS10S3096-017,MS10S3013-013
MS11S2106-002,MS10S3096-017,MS10S3013-013
MS11S2106-003,MS10S3096-017,MS10S3013-013
MS11S2106-004,MS10S3096-017,MS10S3013-013
MS11S2106-005,MS10S3096-017,MS10S3013-013
MS11S2106-006,MS10S3096-017,MS10S3013-013
MS11S2106-007,MS10S3096-017,MS10S3013-013
MS11S2106-008,MS10S3096-017,MS10S3013-013
MS11S2106-009,MS10S3096-017,MS10S3013-013
MS11S2106-010,MS10S3096-017,MS10S3013-013
MS11S2106-011,MS10S3096-017,MS10S3013-013
MS11S2106-012,MS10S3096-017,MS10S3013-013
MS11S2106-013,MS10S3096-017,MS10S3013-013
MS11S2106-014,MS10S3096-017,MS10S3013-013
MS11S2106-015,MS10S3096-017,MS10S3013-013
MS11S2106-016,MS10S3096-017,MS10S3013-013
MS11S2106-017,MS10S3096-017,MS10S3013-013
MS11S2106-018,MS10S3096-017,MS10S3013-013
MS11S2106-019,MS10S3096-017,MS10S3013-013
MS11S2106-020,MS10S3096-017,MS10S3013-013
MS11S2106-021,MS10S3096-017,MS10S3013-013
MS11S2106-022,MS10S3096-017,MS10S3013-013
MS11S2106-023,MS10S3096-017,MS10S3013-013
MS11S2106-024,MS10S3096-017,MS10S3013-013
MS11S2107-001,MS10S3096-017,MS10S3097-024
MS11S2107-002,MS10S3096-017,MS10S3097-024
MS11S2107-003,MS10S3096-017,MS10S3097-024
MS11S2107-004,MS10S3096-017,MS10S3097-024
MS11S2107-005,MS10S3096-017,MS10S3097-024
MS11S2107-006,MS10S3096-017,MS10S3097-024
MS11S2107-007,MS10S3096-017,MS10S3097-024
MS11S2107-008,MS10S3096-017,MS10S3097-024
MS11S2107-009,MS10S3096-017,MS10S3097-024
MS11S2107-010,MS10S3096-017,MS10S3097-024
MS11S2107-011,MS10S3096-017,MS10S3097-024
MS11S2107-012,MS10S3096-017,MS10S3097-024
MS11S2107-013,MS10S3096-017,MS10S3097-024
MS11S2107-014,MS10S3096-017,MS10S3097-024
MS11S2107-015,MS10S3096-017,MS10S3097-024
MS11S2107-016,MS10S3096-017,MS10S3097-024
MS11S2107-017,MS10S3096-017,MS10S3097-024
MS11S2107-018,MS10S3096-017,MS10S3097-024
MS11S2107-019,MS10S3096-017,MS10S3097-024
MS11S2107-020,MS10S3096-017,MS10S3097-024
MS11S2107-021,MS10S3096-017,MS10S3097-024
MS11S2107-022,MS10S3096-017,MS10S3097-024
MS11S2107-023,MS10S3096-017,MS10S3097-024
MS11S2107-024,MS10S3096-017,MS10S3097-024
MS11S2108-001,MS10S3097-009,MS10S3013-006
MS11S2108-002,MS10S3097-009,MS10S3013-006
MS11S2108-003,MS10S3097-009,MS10S3013-006
MS11S2108-004,MS10S3097-009,MS10S3013-006
MS11S2108-005,MS10S3097-009,MS10S3013-006
MS11S2108-006,MS10S3097-009,MS10S3013-006
MS11S2108-007,MS10S3097-009,MS10S3013-006
MS11S2108-008,MS10S3097-009,MS10S3013-006
MS11S2108-009,MS10S3097-009,MS10S3013-006
MS11S2108-010,MS10S3097-009,MS10S3013-006
MS11S2108-011,MS10S3097-009,MS10S3013-006
MS11S2108-012,MS10S3097-009,MS10S3013-006
MS11S2108-013,MS10S3097-009,MS10S3013-006
MS11S2108-014,MS10S3097-009,MS10S3013-006
MS11S2108-015,MS10S3097-009,MS10S3013-006
MS11S2108-016,MS10S3097-009,MS10S3013-006
MS11S2108-017,MS10S3097-009,MS10S3013-006
MS11S2108-018,MS10S3097-009,MS10S3013-006
MS11S2108-019,MS10S3097-009,MS10S3013-006
MS11S2108-020,MS10S3097-009,MS10S3013-006
MS11S2108-021,MS10S3097-009,MS10S3013-006
MS11S2108-022,MS10S3097-009,MS10S3013-006
MS11S2108-023,MS10S3097-009,MS10S3013-006
MS11S2108-024,MS10S3097-009,MS10S3013-006
MS11S2113-001,MS10S3097-012,MS10S3012-012
MS11S2113-002,MS10S3097-012,MS10S3012-012
MS11S2113-003,MS10S3097-012,MS10S3012-012
MS11S2113-004,MS10S3097-012,MS10S3012-012
MS11S2113-005,MS10S3097-012,MS10S3012-012
MS11S2113-006,MS10S3097-012,MS10S3012-012
MS11S2113-007,MS10S3097-012,MS10S3012-012
MS11S2113-008,MS10S3097-012,MS10S3012-012
MS11S2113-009,MS10S3097-012,MS10S3012-012
MS11S2113-010,MS10S3097-012,MS10S3012-012
MS11S2113-011,MS10S3097-012,MS10S3012-012
MS11S2113-012,MS10S3097-012,MS10S3012-012
MS11S2113-013,MS10S3097-012,MS10S3012-012
MS11S2113-014,MS10S3097-012,MS10S3012-012
MS11S2113-015,MS10S3097-012,MS10S3012-012
MS11S2113-016,MS10S3097-012,MS10S3012-012
MS11S2113-017,MS10S3097-012,MS10S3012-012
MS11S2113-018,MS10S3097-012,MS10S3012-012
MS11S2113-019,MS10S3097-012,MS10S3012-012
MS11S2113-020,MS10S3097-012,MS10S3012-012
MS11S2113-021,MS10S3097-012,MS10S3012-012
MS11S2113-022,MS10S3097-012,MS10S3012-012
MS11S2113-023,MS10S3097-012,MS10S3012-012
MS11S2113-024,MS10S3097-012,MS10S3012-012
MS11S2115-001,MS10S3097-019,MS10S3072-001
MS11S2115-002,MS10S3097-019,MS10S3072-001
MS11S2115-003,MS10S3097-019,MS10S3072-001
MS11S2115-004,MS10S3097-019,MS10S3072-001
MS11S2115-005,MS10S3097-019,MS10S3072-001
MS11S2115-006,MS10S3097-019,MS10S3072-001
MS11S2115-007,MS10S3097-019,MS10S3072-001
MS11S2115-008,MS10S3097-019,MS10S3072-001
MS11S2115-009,MS10S3097-019,MS10S3072-001
MS11S2115-010,MS10S3097-019,MS10S3072-001
MS11S2115-011,MS10S3097-019,MS10S3072-001
MS11S2115-012,MS10S3097-019,MS10S3072-001
MS11S2115-013,MS10S3097-019,MS10S3072-001
MS11S2115-014,MS10S3097-019,MS10S3072-001
MS11S2115-015,MS10S3097-019,MS10S3072-001
MS11S2115-016,MS10S3097-019,MS10S3072-001
MS11S2115-017,MS10S3097-019,MS10S3072-001
MS11S2115-018,MS10S3097-019,MS10S3072-001
MS11S2115-019,MS10S3097-019,MS10S3072-001
MS11S2115-020,MS10S3097-019,MS10S3072-001
MS11S2115-021,MS10S3097-019,MS10S3072-001
MS11S2115-022,MS10S3097-019,MS10S3072-001
MS11S2115-023,MS10S3097-019,MS10S3072-001
MS11S2115-024,MS10S3097-019,MS10S3072-001
MS11S2118-001,MS10S3097-024,MS10S3013-016
MS11S2118-002,MS10S3097-024,MS10S3013-016
MS11S2118-003,MS10S3097-024,MS10S3013-016
MS11S2118-004,MS10S3097-024,MS10S3013-016
MS11S2118-005,MS10S3097-024,MS10S3013-016
MS11S2118-006,MS10S3097-024,MS10S3013-016
MS11S2118-007,MS10S3097-024,MS10S3013-016
MS11S2118-008,MS10S3097-024,MS10S3013-016
MS11S2118-009,MS10S3097-024,MS10S3013-016
MS11S2118-010,MS10S3097-024,MS10S3013-016
MS11S2118-011,MS10S3097-024,MS10S3013-016
MS11S2118-012,MS10S3097-024,MS10S3013-016
MS11S2118-013,MS10S3097-024,MS10S3013-016
MS11S2118-014,MS10S3097-024,MS10S3013-016
MS11S2118-015,MS10S3097-024,MS10S3013-016
MS11S2118-016,MS10S3097-024,MS10S3013-016
MS11S2118-017,MS10S3097-024,MS10S3013-016
MS11S2118-018,MS10S3097-024,MS10S3013-016
MS11S2118-019,MS10S3097-024,MS10S3013-016
MS11S2118-020,MS10S3097-024,MS10S3013-016
MS11S2118-021,MS10S3097-024,MS10S3013-016
MS11S2118-022,MS10S3097-024,MS10S3013-016
MS11S2118-023,MS10S3097-024,MS10S3013-016
MS11S2118-024,MS10S3097-024,MS10S3013-016
MS11S2119-001,MS10S3099-019,MS10S3001-019
MS11S2119-002,MS10S3099-019,MS10S3001-019
MS11S2119-003,MS10S3099-019,MS10S3001-019
MS11S2119-004,MS10S3099-019,MS10S3001-019
MS11S2119-005,MS10S3099-019,MS10S3001-019
MS11S2119-006,MS10S3099-019,MS10S3001-019
MS11S2119-007,MS10S3099-019,MS10S3001-019
MS11S2119-008,MS10S3099-019,MS10S3001-019
MS11S2119-009,MS10S3099-019,MS10S3001-019
MS11S2119-010,MS10S3099-019,MS10S3001-019
MS11S2119-011,MS10S3099-019,MS10S3001-019
MS11S2119-012,MS10S3099-019,MS10S3001-019
MS11S2119-013,MS10S3099-019,MS10S3001-019
MS11S2119-014,MS10S3099-019,MS10S3001-019
MS11S2119-015,MS10S3099-019,MS10S3001-019
MS11S2119-016,MS10S3099-019,MS10S3001-019
MS11S2119-017,MS10S3099-019,MS10S3001-019
MS11S2119-018,MS10S3099-019,MS10S3001-019
MS11S2119-019,MS10S3099-019,MS10S3001-019
MS11S2119-020,MS10S3099-019,MS10S3001-019
MS11S2119-021,MS10S3099-019,MS10S3001-019
MS11S2119-022,MS10S3099-019,MS10S3001-019
MS11S2119-023,MS10S3099-019,MS10S3001-019
MS11S2119-024,MS10S3099-019,MS10S3001-019
MS11S2126-001,MS10S3100-012,MS10S3099-019
MS11S2126-002,MS10S3100-012,MS10S3099-019
MS11S2126-003,MS10S3100-012,MS10S3099-019
MS11S2126-004,MS10S3100-012,MS10S3099-019
MS11S2126-005,MS10S3100-012,MS10S3099-019
MS11S2126-006,MS10S3100-012,MS10S3099-019
MS11S2126-007,MS10S3100-012,MS10S3099-019
MS11S2126-008,MS10S3100-012,MS10S3099-019
MS11S2126-009,MS10S3100-012,MS10S3099-019
MS11S2126-010,MS10S3100-012,MS10S3099-019
MS11S2126-011,MS10S3100-012,MS10S3099-019
MS11S2126-012,MS10S3100-012,MS10S3099-019
MS11S2126-013,MS10S3100-012,MS10S3099-019
MS11S2126-014,MS10S3100-012,MS10S3099-019
MS11S2126-015,MS10S3100-012,MS10S3099-019
MS11S2126-016,MS10S3100-012,MS10S3099-019
MS11S2126-017,MS10S3100-012,MS10S3099-019
MS11S2126-018,MS10S3100-012,MS10S3099-019
MS11S2126-019,MS10S3100-012,MS10S3099-019
MS11S2126-020,MS10S3100-012,MS10S3099-019
MS11S2126-021,MS10S3100-012,MS10S3099-019
MS11S2126-022,MS10S3100-012,MS10S3099-019
MS11S2126-023,MS10S3100-012,MS10S3099-019
MS11S2126-024,MS10S3100-012,MS10S3099-019
MS11S2130-001,MS10S3100-022,MS10S3094-009
MS11S2130-002,MS10S3100-022,MS10S3094-009
MS11S2130-003,MS10S3100-022,MS10S3094-009
MS11S2130-004,MS10S3100-022,MS10S3094-009
MS11S2130-005,MS10S3100-022,MS10S3094-009
MS11S2130-006,MS10S3100-022,MS10S3094-009
MS11S2130-007,MS10S3100-022,MS10S3094-009
MS11S2130-008,MS10S3100-022,MS10S3094-009
MS11S2130-009,MS10S3100-022,MS10S3094-009
MS11S2130-010,MS10S3100-022,MS10S3094-009
MS11S2130-011,MS10S3100-022,MS10S3094-009
MS11S2130-012,MS10S3100-022,MS10S3094-009
MS11S2130-013,MS10S3100-022,MS10S3094-009
MS11S2130-014,MS10S3100-022,MS10S3094-009
MS11S2130-015,MS10S3100-022,MS10S3094-009
MS11S2130-016,MS10S3100-022,MS10S3094-009
MS11S2130-017,MS10S3100-022,MS10S3094-009
MS11S2130-018,MS10S3100-022,MS10S3094-009
MS11S2130-019,MS10S3100-022,MS10S3094-009
MS11S2130-020,MS10S3100-022,MS10S3094-009
MS11S2130-021,MS10S3100-022,MS10S3094-009
MS11S2130-022,MS10S3100-022,MS10S3094-009
MS11S2130-023,MS10S3100-022,MS10S3094-009
MS11S2130-024,MS10S3100-022,MS10S3094-009
MS11S2131-001,MS10S3096-016,MS10S3053-015
MS11S2131-002,MS10S3096-016,MS10S3053-015
MS11S2131-003,MS10S3096-016,MS10S3053-015
MS11S2131-004,MS10S3096-016,MS10S3053-015
MS11S2131-005,MS10S3096-016,MS10S3053-015
MS11S2131-006,MS10S3096-016,MS10S3053-015
MS11S2131-007,MS10S3096-016,MS10S3053-015
MS11S2131-008,MS10S3096-016,MS10S3053-015
MS11S2131-009,MS10S3096-016,MS10S3053-015
MS11S2131-010,MS10S3096-016,MS10S3053-015
MS11S2131-011,MS10S3096-016,MS10S3053-015
MS11S2131-012,MS10S3096-016,MS10S3053-015
MS11S2131-013,MS10S3096-016,MS10S3053-015
MS11S2131-014,MS10S3096-016,MS10S3053-015
MS11S2131-015,MS10S3096-016,MS10S3053-015
MS11S2131-016,MS10S3096-016,MS10S3053-015
MS11S2131-017,MS10S3096-016,MS10S3053-015
MS11S2131-018,MS10S3096-016,MS10S3053-015
MS11S2131-019,MS10S3096-016,MS10S3053-015
MS11S2131-020,MS10S3096-016,MS10S3053-015
MS11S2131-021,MS10S3096-016,MS10S3053-015
MS11S2131-022,MS10S3096-016,MS10S3053-015
MS11S2131-023,MS10S3096-016,MS10S3053-015
MS11S2131-024,MS10S3096-016,MS10S3053-015
MS11S2132-001,MS10S3097-012,MS10S3024-003
MS11S2132-002,MS10S3097-012,MS10S3024-003
MS11S2132-003,MS10S3097-012,MS10S3024-003
MS11S2132-004,MS10S3097-012,MS10S3024-003
MS11S2132-005,MS10S3097-012,MS10S3024-003
MS11S2132-006,MS10S3097-012,MS10S3024-003
MS11S2132-007,MS10S3097-012,MS10S3024-003
MS11S2132-008,MS10S3097-012,MS10S3024-003
MS11S2132-009,MS10S3097-012,MS10S3024-003
MS11S2132-010,MS10S3097-012,MS10S3024-003
MS11S2132-011,MS10S3097-012,MS10S3024-003
MS11S2132-012,MS10S3097-012,MS10S3024-003
MS11S2132-013,MS10S3097-012,MS10S3024-003
MS11S2132-014,MS10S3097-012,MS10S3024-003
MS11S2132-015,MS10S3097-012,MS10S3024-003
MS11S2132-016,MS10S3097-012,MS10S3024-003
MS11S2132-017,MS10S3097-012,MS10S3024-003
MS11S2132-018,MS10S3097-012,MS10S3024-003
MS11S2132-019,MS10S3097-012,MS10S3024-003
MS11S2132-020,MS10S3097-012,MS10S3024-003
MS11S2132-021,MS10S3097-012,MS10S3024-003
MS11S2132-022,MS10S3097-012,MS10S3024-003
MS11S2132-023,MS10S3097-012,MS10S3024-003
MS11S2132-024,MS10S3097-012,MS10S3024-003
MS11S2133-001,MS10S3024-003,MS10S3085-020
MS11S2133-002,MS10S3024-003,MS10S3085-020
MS11S2133-003,MS10S3024-003,MS10S3085-020
MS11S2133-004,MS10S3024-003,MS10S3085-020
MS11S2133-005,MS10S3024-003,MS10S3085-020
MS11S2133-006,MS10S3024-003,MS10S3085-020
MS11S2133-007,MS10S3024-003,MS10S3085-020
MS11S2133-008,MS10S3024-003,MS10S3085-020
MS11S2133-009,MS10S3024-003,MS10S3085-020
MS11S2133-010,MS10S3024-003,MS10S3085-020
MS11S2133-011,MS10S3024-003,MS10S3085-020
MS11S2133-012,MS10S3024-003,MS10S3085-020
MS11S2133-013,MS10S3024-003,MS10S3085-020
MS11S2133-014,MS10S3024-003,MS10S3085-020
MS11S2133-015,MS10S3024-003,MS10S3085-020
MS11S2133-016,MS10S3024-003,MS10S3085-020
MS11S2133-017,MS10S3024-003,MS10S3085-020
MS11S2133-018,MS10S3024-003,MS10S3085-020
MS11S2133-019,MS10S3024-003,MS10S3085-020
MS11S2133-020,MS10S3024-003,MS10S3085-020
MS11S2133-021,MS10S3024-003,MS10S3085-020
MS11S2133-022,MS10S3024-003,MS10S3085-020
MS11S2133-023,MS10S3024-003,MS10S3085-020
MS11S2133-024,MS10S3024-003,MS10S3085-020
MS11S2134-001,MS10S3019-020,MS10S3089-011
MS11S2134-002,MS10S3019-020,MS10S3089-011
MS11S2134-003,MS10S3019-020,MS10S3089-011
MS11S2134-004,MS10S3019-020,MS10S3089-011
MS11S2134-005,MS10S3019-020,MS10S3089-011
MS11S2134-006,MS10S3019-020,MS10S3089-011
MS11S2134-007,MS10S3019-020,MS10S3089-011
MS11S2134-008,MS10S3019-020,MS10S3089-011
MS11S2134-009,MS10S3019-020,MS10S3089-011
MS11S2134-010,MS10S3019-020,MS10S3089-011
MS11S2134-011,MS10S3019-020,MS10S3089-011
MS11S2134-012,MS10S3019-020,MS10S3089-011
MS11S2134-013,MS10S3019-020,MS10S3089-011
MS11S2134-014,MS10S3019-020,MS10S3089-011
MS11S2134-015,MS10S3019-020,MS10S3089-011
MS11S2134-016,MS10S3019-020,MS10S3089-011
MS11S2134-017,MS10S3019-020,MS10S3089-011
MS11S2134-018,MS10S3019-020,MS10S3089-011
MS11S2134-019,MS10S3019-020,MS10S3089-011
MS11S2134-020,MS10S3019-020,MS10S3089-011
MS11S2134-021,MS10S3019-020,MS10S3089-011
MS11S2134-022,MS10S3019-020,MS10S3089-011
MS11S2134-023,MS10S3019-020,MS10S3089-011
MS11S2134-024,MS10S3019-020,MS10S3089-011
MS11S2137-001,MS10S3051-014,MS10S3070-014
MS11S2137-002,MS10S3051-014,MS10S3070-014
MS11S2137-003,MS10S3051-014,MS10S3070-014
MS11S2137-004,MS10S3051-014,MS10S3070-014
MS11S2137-005,MS10S3051-014,MS10S3070-014
MS11S2137-006,MS10S3051-014,MS10S3070-014
MS11S2137-007,MS10S3051-014,MS10S3070-014
MS11S2137-008,MS10S3051-014,MS10S3070-014
MS11S2137-009,MS10S3051-014,MS10S3070-014
MS11S2137-010,MS10S3051-014,MS10S3070-014
MS11S2137-011,MS10S3051-014,MS10S3070-014
MS11S2137-012,MS10S3051-014,MS10S3070-014
MS11S2137-013,MS10S3051-014,MS10S3070-014
MS11S2137-014,MS10S3051-014,MS10S3070-014
MS11S2137-015,MS10S3051-014,MS10S3070-014
MS11S2137-016,MS10S3051-014,MS10S3070-014
MS11S2137-017,MS10S3051-014,MS10S3070-014
MS11S2137-018,MS10S3051-014,MS10S3070-014
MS11S2137-019,MS10S3051-014,MS10S3070-014
MS11S2137-020,MS10S3051-014,MS10S3070-014
MS11S2137-021,MS10S3051-014,MS10S3070-014
MS11S2137-022,MS10S3051-014,MS10S3070-014
MS11S2137-023,MS10S3051-014,MS10S3070-014
MS11S2137-024,MS10S3051-014,MS10S3070-014
MS11S2140-001,MS10S3052-001,MS10S3036-015
MS11S2140-002,MS10S3052-001,MS10S3036-015
MS11S2140-003,MS10S3052-001,MS10S3036-015
MS11S2140-004,MS10S3052-001,MS10S3036-015
MS11S2140-005,MS10S3052-001,MS10S3036-015
MS11S2140-006,MS10S3052-001,MS10S3036-015
MS11S2140-007,MS10S3052-001,MS10S3036-015
MS11S2140-008,MS10S3052-001,MS10S3036-015
MS11S2140-009,MS10S3052-001,MS10S3036-015
MS11S2140-010,MS10S3052-001,MS10S3036-015
MS11S2140-011,MS10S3052-001,MS10S3036-015
MS11S2140-012,MS10S3052-001,MS10S3036-015
MS11S2140-013,MS10S3052-001,MS10S3036-015
MS11S2140-014,MS10S3052-001,MS10S3036-015
MS11S2140-015,MS10S3052-001,MS10S3036-015
MS11S2140-016,MS10S3052-001,MS10S3036-015
MS11S2140-017,MS10S3052-001,MS10S3036-015
MS11S2140-018,MS10S3052-001,MS10S3036-015
MS11S2140-019,MS10S3052-001,MS10S3036-015
MS11S2140-020,MS10S3052-001,MS10S3036-015
MS11S2140-021,MS10S3052-001,MS10S3036-015
MS11S2140-022,MS10S3052-001,MS10S3036-015
MS11S2140-023,MS10S3052-001,MS10S3036-015
MS11S2140-024,MS10S3052-001,MS10S3036-015
MS11S2146-001,MS10S3077-024,MS10S3089-011
MS11S2146-002,MS10S3077-024,MS10S3089-011
MS11S2146-003,MS10S3077-024,MS10S3089-011
MS11S2146-004,MS10S3077-024,MS10S3089-011
MS11S2146-005,MS10S3077-024,MS10S3089-011
MS11S2146-006,MS10S3077-024,MS10S3089-011
MS11S2146-007,MS10S3077-024,MS10S3089-011
MS11S2146-008,MS10S3077-024,MS10S3089-011
MS11S2146-009,MS10S3077-024,MS10S3089-011
MS11S2146-010,MS10S3077-024,MS10S3089-011
MS11S2146-011,MS10S3077-024,MS10S3089-011
MS11S2146-012,MS10S3077-024,MS10S3089-011
MS11S2146-013,MS10S3077-024,MS10S3089-011
MS11S2146-014,MS10S3077-024,MS10S3089-011
MS11S2146-015,MS10S3077-024,MS10S3089-011
MS11S2146-016,MS10S3077-024,MS10S3089-011
MS11S2146-017,MS10S3077-024,MS10S3089-011
MS11S2146-018,MS10S3077-024,MS10S3089-011
MS11S2146-019,MS10S3077-024,MS10S3089-011
MS11S2146-020,MS10S3077-024,MS10S3089-011
MS11S2146-021,MS10S3077-024,MS10S3089-011
MS11S2146-022,MS10S3077-024,MS10S3089-011
MS11S2146-023,MS10S3077-024,MS10S3089-011
MS11S2146-024,MS10S3077-024,MS10S3089-011
MS11S2148-001,MS10S3099-023,MS10S3065-004
MS11S2148-002,MS10S3099-023,MS10S3065-004
MS11S2148-003,MS10S3099-023,MS10S3065-004
MS11S2148-004,MS10S3099-023,MS10S3065-004
MS11S2148-005,MS10S3099-023,MS10S3065-004
MS11S2148-006,MS10S3099-023,MS10S3065-004
MS11S2148-007,MS10S3099-023,MS10S3065-004
MS11S2148-008,MS10S3099-023,MS10S3065-004
MS11S2148-009,MS10S3099-023,MS10S3065-004
MS11S2148-010,MS10S3099-023,MS10S3065-004
MS11S2148-011,MS10S3099-023,MS10S3065-004
MS11S2148-012,MS10S3099-023,MS10S3065-004
MS11S2148-013,MS10S3099-023,MS10S3065-004
MS11S2148-014,MS10S3099-023,MS10S3065-004
MS11S2148-015,MS10S3099-023,MS10S3065-004
MS11S2148-016,MS10S3099-023,MS10S3065-004
MS11S2148-017,MS10S3099-023,MS10S3065-004
MS11S2148-018,MS10S3099-023,MS10S3065-004
MS11S2148-019,MS10S3099-023,MS10S3065-004
MS11S2148-020,MS10S3099-023,MS10S3065-004
MS11S2148-021,MS10S3099-023,MS10S3065-004
MS11S2148-022,MS10S3099-023,MS10S3065-004
MS11S2148-023,MS10S3099-023,MS10S3065-004
MS11S2148-024,MS10S3099-023,MS10S3065-004
